{"type":"Topology","arcs":[],"objects":{"farmers_markets":{"type":"GeometryCollection","geometries":[{"type":"Point","coordinates":[-122.1569875,47.7502397],"properties":{"FMID":1012158,"MarketName":"21 Acres Farm Market","city":"Woodinville","County":"King","State":"Washington","zip":"98072","SNAP":"Y","Organic":"Y"}},{"type":"Point","coordinates":[-123.1061,44.6349],"properties":{"FMID":1002175,"MarketName":"Albany Farmers' Market","city":"Albany","County":"Linn","State":"Oregon","zip":"97321","SNAP":"Y","Organic":"Y"}},{"type":"Point","coordinates":[-122.860524,45.482127],"properties":{"FMID":1012389,"MarketName":"Aloha Community Farmers' Market","city":"Aloha","County":"Washington","State":"Oregon","zip":"97007","SNAP":"Y","Organic":"-"}},{"type":"Point","coordinates":[-115.998,44.4251],"properties":{"FMID":1005447,"MarketName":"Alpha Nursery Farmers' Market","city":"Cascade","County":"Valley","State":"Idaho","zip":"83611","SNAP":"N","Organic":"-"}},{"type":"Point","coordinates":[-122.609181,48.516974],"properties":{"FMID":1005944,"MarketName":"Anacortes Farmers Market","city":"Anacortes","County":"Skagit","State":"Washington","zip":"98221","SNAP":"Y","Organic":"Y"}},{"type":"Point","coordinates":[-122.126899,48.192878],"properties":{"FMID":1018561,"MarketName":"Arlington Farmers Market","city":"Arlington","County":"Snohomish","State":"Washington","zip":null,"SNAP":"Y","Organic":"N"}},{"type":"Point","coordinates":[-122.692,42.1945],"properties":{"FMID":1007787,"MarketName":"Ashland Tuesday Market","city":"Ashland","County":"Jackson","State":"Oregon","zip":"97520","SNAP":"N","Organic":"-"}},{"type":"Point","coordinates":[-111.446,44.0714],"properties":{"FMID":1004530,"MarketName":"Ashotn Farmers Market","city":"Ashton","County":"Fremont","State":"Idaho","zip":"83420","SNAP":"N","Organic":"-"}},{"type":"Point","coordinates":[-123.8302951,46.185509],"properties":{"FMID":1003661,"MarketName":"Astoria Sunday Market","city":"Astoria","County":"Clatsop","State":"Oregon","zip":"97103","SNAP":"Y","Organic":"N"}},{"type":"Point","coordinates":[-122.519178,47.626023],"properties":{"FMID":1004633,"MarketName":"Bainbridge Island Farmers' Market","city":"Bainbridge Island","County":"Kitsap","State":"Washington","zip":"98110","SNAP":"Y","Organic":"Y"}},{"type":"Point","coordinates":[-117.823036,44.782836],"properties":{"FMID":1003411,"MarketName":"Baker City Farmers Market","city":"Baker City","County":"Baker","State":"Oregon","zip":"97814","SNAP":"Y","Organic":"Y"}},{"type":"Point","coordinates":[-122.384667,47.667591],"properties":{"FMID":1011333,"MarketName":"Ballard Farmers Market","city":"Seattle","County":"King","State":"Washington","zip":"98107","SNAP":"Y","Organic":"Y"}},{"type":"Point","coordinates":[-122.461312,48.006879],"properties":{"FMID":1008861,"MarketName":"Bayview Farmers Market","city":"Langley","County":"Adams","State":"Washington","zip":"98260","SNAP":"N","Organic":"-"}},{"type":"Point","coordinates":[-122.805002,45.484265],"properties":{"FMID":1001403,"MarketName":"Beaverton Farmers Market","city":"Beaverton","County":"Washington","State":"Oregon","zip":"97075","SNAP":"Y","Organic":"Y"}},{"type":"Point","coordinates":[-122.805002,45.484265],"properties":{"FMID":1008103,"MarketName":"Beaverton Farmers Market - Wednesday","city":"Beaverton","County":"Washington","State":"Oregon","zip":"97075","SNAP":"Y","Organic":"Y"}},{"type":"Point","coordinates":[-122.827,47.4515],"properties":{"FMID":1009384,"MarketName":"Belfair Farmers Market","city":"Belfair","County":null,"State":"Washington","zip":"98528","SNAP":"N","Organic":"-"}},{"type":"Point","coordinates":[-122.202,47.626],"properties":{"FMID":1002917,"MarketName":"Bellevue Farmers Market","city":"Bellevue","County":"King","State":"Washington","zip":"98004","SNAP":"Y","Organic":"Y"}},{"type":"Point","coordinates":[-122.469657,48.75262],"properties":{"FMID":1008140,"MarketName":"Bellingham Farmers Market","city":"Bellingham","County":"Whatcom","State":"Washington","zip":"98226","SNAP":"Y","Organic":"Y"}},{"type":"Point","coordinates":[-121.321,44.06],"properties":{"FMID":1007658,"MarketName":"Bend Farmers Market","city":"Bend","County":"Deschutes","State":"Oregon","zip":"97075","SNAP":"N","Organic":"-"}},{"type":"Point","coordinates":[-119.487,46.2634],"properties":{"FMID":1009219,"MarketName":"Benton City Community Market","city":"Benton City","County":null,"State":"Washington","zip":"99320","SNAP":"N","Organic":"-"}},{"type":"Point","coordinates":[-118.150018,47.653904],"properties":{"FMID":1000700,"MarketName":"Big Red Barn Farmers Market","city":"Davenport","County":"Lincoln","State":"Washington","zip":"99122","SNAP":"N","Organic":"-"}},{"type":"Point","coordinates":[-116.815,43.6107],"properties":{"FMID":1003953,"MarketName":"Bitner Vineyards Farmers Market","city":"Caldwell","County":"Canyon","State":"Idaho","zip":"83607","SNAP":"N","Organic":"-"}},{"type":"Point","coordinates":[-116.184446,43.627207],"properties":{"FMID":1018313,"MarketName":"Boise Farmers Market","city":"Boise City","County":"Ada","State":"Idaho","zip":"83702","SNAP":"Y","Organic":"Y"}},{"type":"Point","coordinates":[-116.193802,43.606795],"properties":{"FMID":1018316,"MarketName":"BOISE FARMERS MARKET","city":"Boise City","County":"Ada","State":"Idaho","zip":"83702","SNAP":"Y","Organic":"N"}},{"type":"Point","coordinates":[-116.314,48.6961],"properties":{"FMID":1001840,"MarketName":"Bonners Ferry Farmers Market","city":"Bonners Ferry","County":"Boundary","State":"Idaho","zip":"83805","SNAP":"N","Organic":"Y"}},{"type":"Point","coordinates":[-122.373674,45.431356],"properties":{"FMID":1001016,"MarketName":"Boring Farmer's Market","city":"Boring","County":"Clackamas","State":"Oregon","zip":"97009","SNAP":"N","Organic":"-"}},{"type":"Point","coordinates":[-122.221699,47.782323],"properties":{"FMID":1004298,"MarketName":"Bothell Farmers Market","city":"Bothell","County":"Snohomish","State":"Washington","zip":"98021","SNAP":"N","Organic":"Y"}},{"type":"Point","coordinates":[-116.615,46.6771],"properties":{"FMID":1002728,"MarketName":"Bovill Farmers Market","city":"Kendrick","County":null,"State":"Idaho","zip":"83537","SNAP":"N","Organic":"-"}},{"type":"Point","coordinates":[-122.335092,48.555683],"properties":{"FMID":1004020,"MarketName":"Bow Little Market","city":"Burlington","County":"Skagit","State":"Washington","zip":"98233","SNAP":"Y","Organic":"Y"}},{"type":"Point","coordinates":[-122.368107,48.595077],"properties":{"FMID":1009682,"MarketName":"Bow Little Market Holiday Festival","city":"Bow","County":"Skagit","State":"Washington","zip":"98232","SNAP":"N","Organic":"-"}},{"type":"Point","coordinates":[-122.628866,47.574253],"properties":{"FMID":1018556,"MarketName":"Bremerton Farmers Market","city":"Bremerton","County":"Kitsap","State":"Washington","zip":"98337","SNAP":"Y","Organic":"Y"}},{"type":"Point","coordinates":[-122.4407752,47.2551471],"properties":{"FMID":1010385,"MarketName":"Broadway Farmers Market","city":"Tacoma","County":"Pierce","State":"Washington","zip":"98402","SNAP":"Y","Organic":"Y"}},{"type":"Point","coordinates":[-124.299948,42.0689],"properties":{"FMID":1005671,"MarketName":"Brookings Harbor Farmers and Artisans Market","city":"Brookings","County":"Curry","State":"Oregon","zip":"97415","SNAP":"N","Organic":"-"}},{"type":"Point","coordinates":[-122.98464,44.393595],"properties":{"FMID":1001910,"MarketName":"Brownsville Farmers Market","city":"Brownsville","County":"Linn","State":"Oregon","zip":"97327","SNAP":"Y","Organic":"Y"}},{"type":"Point","coordinates":[-122.340479,47.466953],"properties":{"FMID":1001541,"MarketName":"Burien Farmers Market","city":"Burien","County":"King","State":"Washington","zip":"98166","SNAP":"N","Organic":"Y"}},{"type":"Point","coordinates":[-116.6892,43.66542],"properties":{"FMID":1005821,"MarketName":"Caldwell Farmers Market","city":"Caldwell","County":"Canyon","State":"Idaho","zip":"83605","SNAP":"Y","Organic":"-"}},{"type":"Point","coordinates":[-122.455221,48.241385],"properties":{"FMID":1010782,"MarketName":"Camano Island Farmers Market","city":"Camano Island","County":"Island","State":"Washington","zip":"98282","SNAP":"N","Organic":"Y"}},{"type":"Point","coordinates":[-122.402169,45.587164],"properties":{"FMID":1010081,"MarketName":"Camas Farmer's Market","city":"camas","County":"Clark","State":"Washington","zip":"98607","SNAP":"Y","Organic":"Y"}},{"type":"Point","coordinates":[-116.678753,44.572846],"properties":{"FMID":1001638,"MarketName":"Cambridge Farmers Market","city":"Cambridge","County":"Washington","State":"Idaho","zip":"83610","SNAP":"N","Organic":"N"}},{"type":"Point","coordinates":[-122.6939354,45.2624984],"properties":{"FMID":1006790,"MarketName":"Canby Saturday Market","city":"Canby","County":"Clackamas","State":"Oregon","zip":"97013","SNAP":"N","Organic":"-"}},{"type":"Point","coordinates":[-123.9607538,45.8898257],"properties":{"FMID":1012548,"MarketName":"Cannon Beach Farmers Market","city":"Cannon Beach","County":"Clatsop","State":"Oregon","zip":"97110","SNAP":"Y","Organic":"Y"}},{"type":"Point","coordinates":[-123.283313,42.939199],"properties":{"FMID":1010438,"MarketName":"Canyonville Farmer's Market","city":"Canyonville","County":"Douglas","State":"Oregon","zip":"97417","SNAP":"Y","Organic":"-"}},{"type":"Point","coordinates":[-122.312668,47.6156044],"properties":{"FMID":1004165,"MarketName":"Capitol Hill Farmers Market","city":"Seattle","County":"King","State":"Washington","zip":"98122","SNAP":"Y","Organic":"Y"}},{"type":"Point","coordinates":[-121.912355,47.648556],"properties":{"FMID":1006651,"MarketName":"Carnation Farmers Market","city":"Carnation","County":"King","State":"Washington","zip":"98014","SNAP":"Y","Organic":"Y"}},{"type":"Point","coordinates":[-121.891,45.6698],"properties":{"FMID":1002040,"MarketName":"Cascade Locks Farmers & Artists market","city":"Cascade Locks","County":null,"State":"Oregon","zip":"97220","SNAP":"N","Organic":"-"}},{"type":"Point","coordinates":[-121.408,42.1987],"properties":{"FMID":1009351,"MarketName":"CCC Farmers Market In Bonanza","city":"Bonanza","County":null,"State":"Oregon","zip":"97623","SNAP":"N","Organic":"-"}},{"type":"Point","coordinates":[-122.8141034,45.5263877],"properties":{"FMID":1012484,"MarketName":"Cedar Mill Farmers Market","city":"Portland","County":"Washington","State":"Oregon","zip":"97266","SNAP":"Y","Organic":"Y"}},{"type":"Point","coordinates":[-114.281864,44.24111],"properties":{"FMID":1004645,"MarketName":"Challis Community Farmers Market","city":"Challis","County":"Custer","State":"Idaho","zip":"83226","SNAP":"N","Organic":"N"}},{"type":"Point","coordinates":[-120.07,47.8597],"properties":{"FMID":1006231,"MarketName":"Chelan Valley Farmers Market","city":"Chelan","County":"Chelan","State":"Washington","zip":"98816","SNAP":"N","Organic":"-"}},{"type":"Point","coordinates":[-117.574344,47.48903],"properties":{"FMID":1005110,"MarketName":"Cheney Farmers Market","city":"Cheney","County":"Spokane","State":"Washington","zip":"99004","SNAP":"Y","Organic":"Y"}},{"type":"Point","coordinates":[-117.715235,48.28238],"properties":{"FMID":1012146,"MarketName":"Chewelah Farmers Market","city":"Chewelah","County":"Stevens","State":"Washington","zip":"99109","SNAP":"Y","Organic":"Y"}},{"type":"Point","coordinates":[-121.863,42.5766],"properties":{"FMID":1007057,"MarketName":"Chiloquin Farm & Craft Market","city":"Chiloquin","County":"Klamath","State":"Oregon","zip":null,"SNAP":"N","Organic":"-"}},{"type":"Point","coordinates":[-122.7693133,48.0117583],"properties":{"FMID":1018585,"MarketName":"Chimacum Farmers Market","city":"Chimacum","County":"Jefferson","State":"Washington","zip":"98325","SNAP":"Y","Organic":"Y"}},{"type":"Point","coordinates":[-112.462,42.9202],"properties":{"FMID":1000578,"MarketName":"Chubbuck Farmers Market","city":"Chubbuck","County":"Bannock","State":"Idaho","zip":"83202","SNAP":"N","Organic":"-"}},{"type":"Point","coordinates":[-122.52913,45.426497],"properties":{"FMID":1002042,"MarketName":"Clackamas Sunnyside Grange Farmers' & Artists' Market","city":"Clackamas","County":"Clackamas","State":"Oregon","zip":"97015","SNAP":"N","Organic":"Y"}},{"type":"Point","coordinates":[-117.545394,47.98998],"properties":{"FMID":1004202,"MarketName":"Clayton Farmers Market and Small Farm Animals","city":"Clayton","County":"Stevens","State":"Washington","zip":"99110","SNAP":"N","Organic":"-"}},{"type":"Point","coordinates":[-123.3422923,43.3872218],"properties":{"FMID":1011903,"MarketName":"Clover Leaf Marketplace","city":"Sutherlin","County":"Douglas","State":"Oregon","zip":"97479","SNAP":"Y","Organic":"-"}},{"type":"Point","coordinates":[-122.382,45.2017],"properties":{"FMID":1009382,"MarketName":"Colton Farmers and Crafters Market","city":"Colton","County":null,"State":"Oregon","zip":"97017","SNAP":"N","Organic":"-"}},{"type":"Point","coordinates":[-122.2861515,47.5586613],"properties":{"FMID":1004166,"MarketName":"Columbia City Farmers Market","city":"Seattle","County":"King","State":"Washington","zip":"98118","SNAP":"Y","Organic":"Y"}},{"type":"Point","coordinates":[-124.053969,46.350134],"properties":{"FMID":1006811,"MarketName":"Columbia-Pacific Farmer's Market","city":"Long Beach","County":"Pacific","State":"Washington","zip":"98631","SNAP":"N","Organic":"-"}},{"type":"Point","coordinates":[-117.88,48.5564],"properties":{"FMID":1003218,"MarketName":"Colville Farmers Market","city":"Coleville","County":"Stevens","State":"Washington","zip":"99114","SNAP":"N","Organic":"-"}},{"type":"Point","coordinates":[-117.374,47.6938],"properties":{"FMID":1001263,"MarketName":"Community Roots Market","city":"Spokane","County":"Spokane","State":"Washington","zip":"99207","SNAP":"N","Organic":"-"}},{"type":"Point","coordinates":[-120.184691,45.232559],"properties":{"FMID":1002749,"MarketName":"Condon Community Farmers Market","city":"Condon","County":"Gilliam","State":"Oregon","zip":null,"SNAP":"N","Organic":"N"}},{"type":"Point","coordinates":[-124.2152977,43.3679748],"properties":{"FMID":1006766,"MarketName":"Coos Bay Downtown Farmer's Market","city":"Coos Bay","County":"Coos","State":"Oregon","zip":"97420","SNAP":"Y","Organic":"Y"}},{"type":"Point","coordinates":[-124.191,43.1755],"properties":{"FMID":1007058,"MarketName":"Coquille Farmers Market","city":"Coquille","County":"Coos","State":"Oregon","zip":"97423","SNAP":"N","Organic":"-"}},{"type":"Point","coordinates":[-123.2582494,44.5648128],"properties":{"FMID":1009760,"MarketName":"Corvallis Farmers' Market","city":"Corvallis","County":"Benton","State":"Oregon","zip":"97330","SNAP":"Y","Organic":"Y"}},{"type":"Point","coordinates":[-123.314881,44.567022],"properties":{"FMID":1000236,"MarketName":"Corvallis Indoor Winter Market","city":"Corvallis","County":"Benton","State":"Oregon","zip":"97333","SNAP":"Y","Organic":"Y"}},{"type":"Point","coordinates":[-122.689153,48.219316],"properties":{"FMID":1018559,"MarketName":"Coupeville Farmers Market","city":"Coupeville","County":"Island","State":"Washington","zip":"98229","SNAP":"Y","Organic":"N"}},{"type":"Point","coordinates":[-122.964,46.1501],"properties":{"FMID":1001975,"MarketName":"Cowlitz County Community Farmers Market I","city":"Longview","County":"Cowlitz","State":"Washington","zip":"98632","SNAP":"N","Organic":"-"}},{"type":"Point","coordinates":[-122.925,46.1406],"properties":{"FMID":1001974,"MarketName":"Cowlitz County Community Farmers Market II","city":"Longview","County":"Cowlitz","State":"Washington","zip":"98632","SNAP":"N","Organic":"-"}},{"type":"Point","coordinates":[-123.018482,43.918649],"properties":{"FMID":1000262,"MarketName":"Creswell Farmers' Market","city":"Creswell","County":"Lane","State":"Oregon","zip":"97426","SNAP":"Y","Organic":"-"}},{"type":"Point","coordinates":[-122.129962,47.61974],"properties":{"FMID":1005469,"MarketName":"Crossroads Bellevue Farmers Market","city":"Bellevue","County":"King","State":"Washington","zip":"98008","SNAP":"Y","Organic":"Y"}},{"type":"Point","coordinates":[-114.4085896,42.9329363],"properties":{"FMID":1016899,"MarketName":"Crossroads Farmers Market","city":"Shoshone","County":"Lincoln","State":"Idaho","zip":"83352","SNAP":"Y","Organic":"N"}},{"type":"Point","coordinates":[-115.97,44.1135],"properties":{"FMID":1001674,"MarketName":"Crouch Farmers Market","city":"Crouch","County":"Boise","State":"Idaho","zip":"83602","SNAP":"N","Organic":"N"}},{"type":"Point","coordinates":[-116.965,46.9223],"properties":{"FMID":1003695,"MarketName":"Dale's Saturday Market","city":"Potlatch","County":"Latah","State":"Idaho","zip":null,"SNAP":"N","Organic":"-"}},{"type":"Point","coordinates":[-122.4556058,45.4172227],"properties":{"FMID":1018383,"MarketName":"Damascus Farmers Market","city":"Damascus","County":"Clackamas","State":"Oregon","zip":"97089","SNAP":"Y","Organic":"N"}},{"type":"Point","coordinates":[-119.537,44.4701],"properties":{"FMID":1002451,"MarketName":"Dayville Mercantile","city":"Dayville","County":"Grant","State":"Oregon","zip":"97825","SNAP":"N","Organic":"-"}},{"type":"Point","coordinates":[-122.329264,47.401657],"properties":{"FMID":1007255,"MarketName":"Des Moines Waterfront Farmers Market","city":"Des Moines","County":"King","State":"Washington","zip":"98198","SNAP":"Y","Organic":"Y"}},{"type":"Point","coordinates":[-122.815,43.9173],"properties":{"FMID":1007704,"MarketName":"Dexter Lake Farmers Market","city":"Dexter","County":"Lane","State":"Oregon","zip":"97431","SNAP":"N","Organic":"-"}},{"type":"Point","coordinates":[-118.341568,46.066187],"properties":{"FMID":1010080,"MarketName":"Downtown Farmers Market","city":"Walla Walla","County":"Walla Walla","State":"Washington","zip":"99362","SNAP":"Y","Organic":"Y"}},{"type":"Point","coordinates":[-123.015,45.2796],"properties":{"FMID":1006821,"MarketName":"Dundee Farmers Market","city":"Dundee","County":"Yamhill","State":"Oregon","zip":"97115","SNAP":"N","Organic":"-"}},{"type":"Point","coordinates":[-121.985974,47.7382671],"properties":{"FMID":1012345,"MarketName":"Duvall Farmers Market","city":"Duvall","County":"King","State":"Washington","zip":"98019","SNAP":"Y","Organic":"N"}},{"type":"Point","coordinates":[-116.1549,43.57426],"properties":{"FMID":1003629,"MarketName":"East End Market at Bown Crossing","city":"Boise","County":"Ada","State":"Idaho","zip":"83706","SNAP":"N","Organic":"Y"}},{"type":"Point","coordinates":[-122.265,46.8669],"properties":{"FMID":1003981,"MarketName":"Eatonville Farmers Market","city":"Eatonville","County":"Pierce","State":"Washington","zip":"98328","SNAP":"N","Organic":"-"}},{"type":"Point","coordinates":[-122.845,42.288],"properties":{"FMID":1007059,"MarketName":"Eden Valley New Heritage Public Market","city":"Medford","County":"Jackson","State":"Oregon","zip":"97501","SNAP":"N","Organic":"-"}},{"type":"Point","coordinates":[-122.376658,47.811372],"properties":{"FMID":1012160,"MarketName":"Edmonds Museum Summer Market","city":"Edmonds","County":"Snohomish","State":"Washington","zip":"98020","SNAP":"N","Organic":"Y"}},{"type":"Point","coordinates":[-117.426071,47.679178],"properties":{"FMID":1018580,"MarketName":"Emerson-Garfield Farmers' Market","city":"Spokane","County":"Spokane","State":"Washington","zip":"99205","SNAP":"Y","Organic":"Y"}},{"type":"Point","coordinates":[-116.500558,43.876265],"properties":{"FMID":1004268,"MarketName":"Emmett Farmers Market","city":"Emmett","County":"Gem","State":"Idaho","zip":"83617","SNAP":"N","Organic":"-"}},{"type":"Point","coordinates":[-119.551,47.3209],"properties":{"FMID":1005622,"MarketName":"EPHRATA FARMERS' MARKET","city":"Ephrata","County":"Grant","State":"Washington","zip":"98823","SNAP":"N","Organic":"Y"}},{"type":"Point","coordinates":[-122.335,45.2879],"properties":{"FMID":1003568,"MarketName":"Estacada Farmers Market","city":"Estacada","County":"Clackamas","State":"Oregon","zip":"97023","SNAP":"N","Organic":"-"}},{"type":"Point","coordinates":[-122.22205,48.000172],"properties":{"FMID":1003357,"MarketName":"Everett Farmers Market LLC","city":"Everett","County":"Snohomish","State":"Washington","zip":"98201","SNAP":"Y","Organic":"Y"}},{"type":"Point","coordinates":[-123.07,44.0389],"properties":{"FMID":1007717,"MarketName":"Fairmount Neighborhood Farmers' Market","city":"Eugene","County":"Lane","State":"Oregon","zip":null,"SNAP":"N","Organic":"-"}},{"type":"Point","coordinates":[-122.43869,45.531244],"properties":{"FMID":1002043,"MarketName":"Fairview Farmers & Artist Market","city":"Fairview","County":"Multnomah","State":"Oregon","zip":"97220","SNAP":"N","Organic":"Y"}},{"type":"Point","coordinates":[-117.41778,47.768387],"properties":{"FMID":1018562,"MarketName":"Fairwood Farmers' Market","city":"Spokane","County":"Spokane","State":"Washington","zip":"99218","SNAP":"Y","Organic":"Y"}},{"type":"Point","coordinates":[-116.606641,48.2501658],"properties":{"FMID":1012326,"MarketName":"Farmer's Market at Sandpoint","city":"Sandpoint","County":"Bonner","State":"Idaho","zip":"83864","SNAP":"Y","Organic":"Y"}},{"type":"Point","coordinates":[-123.613,42.2825],"properties":{"FMID":1007060,"MarketName":"Farmers' Friday Market","city":"Selma","County":"Josephine","State":"Oregon","zip":"97538","SNAP":"N","Organic":"-"}},{"type":"Point","coordinates":[-123.648,42.1671],"properties":{"FMID":1007061,"MarketName":"Farmers' Friday Market","city":"Cave Junction","County":"Josephine","State":"Oregon","zip":null,"SNAP":"N","Organic":"-"}},{"type":"Point","coordinates":[-122.313022,47.313385],"properties":{"FMID":1005743,"MarketName":"Federal Way Farmers Market - Common Mall parking lot","city":"Federal Way","County":"King","State":"Washington","zip":"98003","SNAP":"Y","Organic":"Y"}},{"type":"Point","coordinates":[-122.307155,47.317963],"properties":{"FMID":1010139,"MarketName":"Federal Way Farmers Market - Town Square","city":"Federal Way","County":"King","State":"Washington","zip":"98003","SNAP":"Y","Organic":"-"}},{"type":"Point","coordinates":[-122.588,48.8446],"properties":{"FMID":1007194,"MarketName":"Ferndale Farmers Market","city":"Ferndale","County":"Whatcom County","State":"Washington","zip":null,"SNAP":"N","Organic":"-"}},{"type":"Point","coordinates":[-122.357014,47.230951],"properties":{"FMID":1012142,"MarketName":"Fife Farmers Market","city":"Fife","County":"Pierce","State":"Washington","zip":"98424","SNAP":"Y","Organic":"-"}},{"type":"Point","coordinates":[-124.101,43.9747],"properties":{"FMID":1007062,"MarketName":"Florence Local Organic Farmers Market","city":"Florence","County":"Lane","State":"Oregon","zip":null,"SNAP":"N","Organic":"-"}},{"type":"Point","coordinates":[-123.112063,45.520623],"properties":{"FMID":1003332,"MarketName":"Forest Grove Farmers Market","city":"Forest Grove","County":"Washington","State":"Oregon","zip":"97116","SNAP":"Y","Organic":"Y"}},{"type":"Point","coordinates":[-117.575,47.4876],"properties":{"FMID":1000546,"MarketName":"Friday Farmers Market","city":"Cheney","County":"Spokane","State":"Washington","zip":"99004","SNAP":"N","Organic":"-"}},{"type":"Point","coordinates":[-122.215919,47.91047],"properties":{"FMID":1009706,"MarketName":"Friday Farmers Market Everett Mall","city":"Everett","County":"Snohomish","State":"Washington","zip":"98208","SNAP":"Y","Organic":"Y"}},{"type":"Point","coordinates":[-122.773,47.272],"properties":{"FMID":1005404,"MarketName":"Gig Harbor Farmers Market","city":"Gig Harbor","County":"Pierce","State":"Washington","zip":"98349","SNAP":"N","Organic":"-"}},{"type":"Point","coordinates":[-122.746,47.3406],"properties":{"FMID":1003699,"MarketName":"Gig Harbor Farmers Market at Key Center","city":"Key Center","County":"Pierce","State":"Washington","zip":"98349","SNAP":"N","Organic":"-"}},{"type":"Point","coordinates":[-122.587,47.3186],"properties":{"FMID":1003697,"MarketName":"Gig Harbor Farmers Market at Kimball Drive","city":"Gig Harbor","County":"Pierce","State":"Washington","zip":"98335","SNAP":"N","Organic":"-"}},{"type":"Point","coordinates":[-122.579,47.3028],"properties":{"FMID":1003700,"MarketName":"Gig Harbor Farmers Market at Uptown Shoping Center","city":"Gig Harbor","County":"Pierce","State":"Washington","zip":"98335","SNAP":"N","Organic":"Y"}},{"type":"Point","coordinates":[-122.586,47.3329],"properties":{"FMID":1003701,"MarketName":"Gig Harbor Farmers Market at Uptown Shoping Center","city":"Gig Harbor","County":"Pierce","State":"Washington","zip":"98335","SNAP":"N","Organic":"N"}},{"type":"Point","coordinates":[-122.595126,45.380667],"properties":{"FMID":1009799,"MarketName":"Gladstone Summer Farmers Market","city":"Gladstone","County":"Clackamas","State":"Oregon","zip":"97027","SNAP":"N","Organic":"-"}},{"type":"Point","coordinates":[-117.325,47.621],"properties":{"FMID":1009386,"MarketName":"Glenrose Summer Market","city":"Spokane","County":null,"State":"Washington","zip":null,"SNAP":"N","Organic":"-"}},{"type":"Point","coordinates":[-120.818989,45.824613],"properties":{"FMID":1018354,"MarketName":"Goldendale Farmers Market","city":"Goldendale","County":"Klickitat","State":"Washington","zip":"98620","SNAP":"Y","Organic":"-"}},{"type":"Point","coordinates":[-114.755,42.8653],"properties":{"FMID":1004421,"MarketName":"Gooding Farmers Market","city":"Gooding","County":"Gooding","State":"Idaho","zip":"83330","SNAP":"N","Organic":"-"}},{"type":"Point","coordinates":[-116.1146234,45.9245613],"properties":{"FMID":1012395,"MarketName":"Grangeville Farmers Market","city":"Grangeville","County":"Idaho","State":"Idaho","zip":"83530","SNAP":"Y","Organic":"N"}},{"type":"Point","coordinates":[-123.328983,42.4408321],"properties":{"FMID":1016781,"MarketName":"Grants Pass Growers' Market","city":"Grants Pass","County":"Josephine","State":"Oregon","zip":"97526","SNAP":"Y","Organic":"Y"}},{"type":"Point","coordinates":[-122.970133,46.665081],"properties":{"FMID":1010084,"MarketName":"Greater Lewis County Community Farmers Market","city":"Chehalis","County":"Lewis","State":"Washington","zip":"98532","SNAP":"Y","Organic":"Y"}},{"type":"Point","coordinates":[-122.397929,45.518722],"properties":{"FMID":1012337,"MarketName":"Gresham Saturday Market at MHCC","city":"Gresham","County":"Multnomah","State":"Oregon","zip":"97030","SNAP":"Y","Organic":"-"}},{"type":"Point","coordinates":[-114.3167,43.52089],"properties":{"FMID":1005877,"MarketName":"Hailey Farmers' Market","city":"Hailey","County":"Blaine","State":"Idaho","zip":"83333","SNAP":"N","Organic":"Y"}},{"type":"Point","coordinates":[-119.084,43.5611],"properties":{"FMID":1007064,"MarketName":"Harney County Farmers Market","city":"Hines","County":"Harney","State":"Oregon","zip":null,"SNAP":"N","Organic":"-"}},{"type":"Point","coordinates":[-116.785,47.4587],"properties":{"FMID":1004404,"MarketName":"Harrison Grange","city":"Harrison","County":"Benewah","State":"Idaho","zip":"83833","SNAP":"N","Organic":"-"}},{"type":"Point","coordinates":[-119.289,45.8376],"properties":{"FMID":1003261,"MarketName":"Hermiston Farmers Market","city":"Hermiston","County":"Umatilla","State":"Oregon","zip":"97838","SNAP":"N","Organic":"-"}},{"type":"Point","coordinates":[-123.08,44.0202],"properties":{"FMID":1007750,"MarketName":"Hideaway Farmers Market","city":"Eugene","County":"Lane","State":"Oregon","zip":null,"SNAP":"N","Organic":"-"}},{"type":"Point","coordinates":[-122.987933,45.522635],"properties":{"FMID":1018662,"MarketName":"Hillsboro Farmers' Markets - Downtown Hillsboro","city":"Hillsboro","County":"Washington","State":"Oregon","zip":"97124","SNAP":"Y","Organic":"Y"}},{"type":"Point","coordinates":[-122.917572,45.534526],"properties":{"FMID":1018663,"MarketName":"Hillsboro Farmers' Markets - Orenco Station","city":"Hillsboro","County":"Washington","State":"Oregon","zip":"97124","SNAP":"Y","Organic":"-"}},{"type":"Point","coordinates":[-122.977275,45.519771],"properties":{"FMID":1018664,"MarketName":"Hillsboro Farmers' Markets - Tuality Hospital","city":"Hillsboro","County":"Washington","State":"Oregon","zip":"97123","SNAP":"Y","Organic":"N"}},{"type":"Point","coordinates":[-122.877355,45.539835],"properties":{"FMID":1018665,"MarketName":"Hillsboro Farmers' Markets - Westside Kaiser Hospital","city":"Hillsboro","County":"Washington","State":"Oregon","zip":"97124","SNAP":"Y","Organic":"-"}},{"type":"Point","coordinates":[-122.693689,45.47778],"properties":{"FMID":1001244,"MarketName":"Hillsdale Farmers' Market","city":"Portland","County":"Multnomah","State":"Oregon","zip":"97219","SNAP":"Y","Organic":"Y"}},{"type":"Point","coordinates":[-122.618428,45.53665],"properties":{"FMID":1018493,"MarketName":"Hollywood Farmers Market","city":"Portland","County":"Multnomah","State":"Oregon","zip":"97213","SNAP":"Y","Organic":"Y"}},{"type":"Point","coordinates":[-121.515814,45.710094],"properties":{"FMID":1012076,"MarketName":"Hood River Farmers Market","city":"Hood River","County":"Hood River","State":"Oregon","zip":"OR","SNAP":"Y","Organic":"Y"}},{"type":"Point","coordinates":[-116.297,48.2417],"properties":{"FMID":1000813,"MarketName":"Hope Community Market","city":"HOpe","County":"Bonner","State":"Idaho","zip":"83836","SNAP":"N","Organic":"-"}},{"type":"Point","coordinates":[-117.438,47.701],"properties":{"FMID":1002528,"MarketName":"Humble Earth Farmers Market","city":"Spokane","County":"Spokane","State":"Washington","zip":"99205","SNAP":"N","Organic":"-"}},{"type":"Point","coordinates":[-112.043,43.4922],"properties":{"FMID":1006417,"MarketName":"Idaho Falls Farmers' Market","city":"Idaho Falls","County":"Bonneville","State":"Idaho","zip":"83402","SNAP":"N","Organic":"Y"}},{"type":"Point","coordinates":[-123.184,44.8511],"properties":{"FMID":1003918,"MarketName":"Independence Farmers Market","city":"Independence","County":"Polk","State":"Oregon","zip":"97351","SNAP":"N","Organic":"-"}},{"type":"Point","coordinates":[-122.683,45.5774],"properties":{"FMID":1004461,"MarketName":"Interstate Farmers Market - Lombard location","city":"Portland","County":"Multnomah","State":"Oregon","zip":"97217","SNAP":"N","Organic":"Y"}},{"type":"Point","coordinates":[-122.649445,45.534667],"properties":{"FMID":1012667,"MarketName":"Irvington Farmers Market","city":"Portland","County":"Multnomah","State":"Oregon","zip":"97212","SNAP":"Y","Organic":"Y"}},{"type":"Point","coordinates":[-122.049115,47.550637],"properties":{"FMID":1003680,"MarketName":"Issaquah Farmers Market","city":"Issaquah","County":"King","State":"Washington","zip":"98027","SNAP":"N","Organic":"Y"}},{"type":"Point","coordinates":[-122.965,42.3143],"properties":{"FMID":1007744,"MarketName":"J'ville Farmers Market","city":"Jacksonville","County":"Jackson","State":"Oregon","zip":null,"SNAP":"N","Organic":"-"}},{"type":"Point","coordinates":[-118.954,44.416],"properties":{"FMID":1000523,"MarketName":"John Day Farmers' Market","city":"John Day","County":"Grant","State":"Oregon","zip":"97845","SNAP":"N","Organic":"-"}},{"type":"Point","coordinates":[-122.215648,47.704924],"properties":{"FMID":1004648,"MarketName":"Juanita Friday Market","city":"Kirkland","County":"King","State":"Washington","zip":"98033","SNAP":"N","Organic":"Y"}},{"type":"Point","coordinates":[-122.877161,46.127435],"properties":{"FMID":1012330,"MarketName":"Kelso Bridge Market","city":"Kelso","County":"Cowlitz","State":"Washington","zip":"98626","SNAP":"N","Organic":"-"}},{"type":"Point","coordinates":[-116.647,46.6141],"properties":{"FMID":1004136,"MarketName":"Kendrick-Juliaetta Farmers Market","city":"Kendrick","County":null,"State":"Idaho","zip":"83537","SNAP":"N","Organic":"-"}},{"type":"Point","coordinates":[-119.117,46.2087],"properties":{"FMID":1002523,"MarketName":"Kennewick Farmers Market","city":"Kennewick","County":"Benton","State":"Washington","zip":"99336","SNAP":"N","Organic":"-"}},{"type":"Point","coordinates":[-122.237,47.3831],"properties":{"FMID":1001178,"MarketName":"Kent Farmers Market","city":"Kent","County":"King","State":"Washington","zip":"98032","SNAP":"N","Organic":"-"}},{"type":"Point","coordinates":[-114.3637219,43.6825762],"properties":{"FMID":1005876,"MarketName":"Ketchum Farmers' Market","city":"Ketchum","County":"Blaine","State":"Idaho","zip":"83340","SNAP":"N","Organic":"Y"}},{"type":"Point","coordinates":[-121.531,45.6905],"properties":{"FMID":1000617,"MarketName":"King Estate Market Place","city":"Eugene","County":"Hood River","State":"Oregon","zip":"97405","SNAP":"N","Organic":"-"}},{"type":"Point","coordinates":[-122.4969392,47.7961767],"properties":{"FMID":1011090,"MarketName":"Kingston Farmers Market","city":"Kingston","County":"Kitsap","State":"Washington","zip":"98346","SNAP":"Y","Organic":"-"}},{"type":"Point","coordinates":[-122.208821,47.6754967],"properties":{"FMID":1000666,"MarketName":"Kirkland Wedneseday Market","city":"Kirkland","County":"King","State":"Washington","zip":"98033","SNAP":"Y","Organic":"Y"}},{"type":"Point","coordinates":[-120.547,46.9955],"properties":{"FMID":1002224,"MarketName":"Kittitas County Farmers Market","city":"Ellensburg","County":"Kittitas","State":"Washington","zip":"98926","SNAP":"N","Organic":"-"}},{"type":"Point","coordinates":[-121.779885,42.226484],"properties":{"FMID":1000560,"MarketName":"Klamath Falls Farmers Market Assoc. Inc.","city":"Klamath Falls","County":"Klamath","State":"Oregon","zip":"97601","SNAP":"Y","Organic":"Y"}},{"type":"Point","coordinates":[-116.029,46.2271],"properties":{"FMID":1002240,"MarketName":"Kooskia/Kamiah Farmers Market","city":"Kamiah","County":null,"State":"Idaho","zip":"83536","SNAP":"N","Organic":"-"}},{"type":"Point","coordinates":[-116.792,47.7444],"properties":{"FMID":1001306,"MarketName":"Kootenai County Farmers Market I","city":"Hayden","County":"Kootenai","State":"Idaho","zip":"83835","SNAP":"N","Organic":"-"}},{"type":"Point","coordinates":[-116.787,47.766],"properties":{"FMID":1001307,"MarketName":"Kootenai County Farmers Market II","city":"Hayden","County":null,"State":"Idaho","zip":"83835","SNAP":"N","Organic":"-"}},{"type":"Point","coordinates":[-116.415209,43.490515],"properties":{"FMID":1000520,"MarketName":"Kuna Farmers Market","city":"Kuna","County":"Ada","State":"Idaho","zip":"83634","SNAP":"Y","Organic":"-"}},{"type":"Point","coordinates":[-118.096306,45.329908],"properties":{"FMID":1001700,"MarketName":"La Grande Farmers' Market","city":"La Grande","County":"Union","State":"Oregon","zip":"97850","SNAP":"Y","Organic":"Y"}},{"type":"Point","coordinates":[-122.671,45.8623],"properties":{"FMID":1009331,"MarketName":"LaCenter Community Farmers Market","city":"La Center","County":null,"State":"Washington","zip":"98629","SNAP":"N","Organic":"-"}},{"type":"Point","coordinates":[-122.824,47.0414],"properties":{"FMID":1006879,"MarketName":"Lacey Farmers Market","city":"Lacey","County":"Thurston","State":"Washington","zip":"98503","SNAP":"N","Organic":"-"}},{"type":"Point","coordinates":[-122.2976645,47.7192913],"properties":{"FMID":1004167,"MarketName":"Lake City Farmers Market","city":"Seattle","County":"King","State":"Washington","zip":"98125","SNAP":"Y","Organic":"Y"}},{"type":"Point","coordinates":[-122.280325,47.754018],"properties":{"FMID":1012202,"MarketName":"Lake Forest Park Farmers Market","city":"Lake Forest Park","County":"King","State":"Washington","zip":"98155","SNAP":"Y","Organic":"Y"}},{"type":"Point","coordinates":[-122.664716,45.417959],"properties":{"FMID":1003863,"MarketName":"Lake Oswego Farmers' Market","city":"Lake Oswego","County":"Clackamas","State":"Oregon","zip":"97034","SNAP":"Y","Organic":"Y"}},{"type":"Point","coordinates":[-123.104448,44.043914],"properties":{"FMID":1005352,"MarketName":"Lane County Farmers Holiday Market","city":"Eugene","County":"Lane","State":"Oregon","zip":"97401","SNAP":"Y","Organic":"Y"}},{"type":"Point","coordinates":[-123.09154,44.050826],"properties":{"FMID":1009803,"MarketName":"Lane County Farmers Market","city":"Eugene","County":"Lane","State":"Oregon","zip":"97401","SNAP":"Y","Organic":"Y"}},{"type":"Point","coordinates":[-122.413,48.0401],"properties":{"FMID":1009556,"MarketName":"Langley Second Street Market","city":"Langley","County":null,"State":"Washington","zip":"98260","SNAP":"N","Organic":"-"}},{"type":"Point","coordinates":[-114.365,42.5348],"properties":{"FMID":1003464,"MarketName":"Laughing Daisy Neighborhood Market","city":"Kimberly","County":"Twin Falls","State":"Idaho","zip":"83341","SNAP":"N","Organic":"-"}},{"type":"Point","coordinates":[-120.661,47.5962],"properties":{"FMID":1009392,"MarketName":"Leavenworth Community Farmers Market","city":"Leavenworth","County":null,"State":"Washington","zip":"98826","SNAP":"N","Organic":"-"}},{"type":"Point","coordinates":[-122.9070482,44.5384263],"properties":{"FMID":1008786,"MarketName":"Lebanon Downtown Farmers' Market","city":"Lebanon","County":"Linn","State":"Oregon","zip":"97355","SNAP":"Y","Organic":"Y"}},{"type":"Point","coordinates":[-113.897794,45.176588],"properties":{"FMID":1012637,"MarketName":"Lemhi County Farmers' Market","city":"Salmon","County":"Lemhi","State":"Idaho","zip":"83467","SNAP":"Y","Organic":"N"}},{"type":"Point","coordinates":[-122.9543076,46.7193298],"properties":{"FMID":1012612,"MarketName":"Lewis County Farmer's Markets DBA Centralia Farmer's Market","city":"Centralia","County":"Lewis","State":"Washington","zip":"98531","SNAP":"Y","Organic":"N"}},{"type":"Point","coordinates":[-117.024921,46.422068],"properties":{"FMID":1011527,"MarketName":"Lewiston Farmers Market","city":"Lewiston","County":"Nez Perce","State":"Idaho","zip":"83501","SNAP":"Y","Organic":"-"}},{"type":"Point","coordinates":[-117.1033,47.67104],"properties":{"FMID":1002458,"MarketName":"Liberty Lake Farmers' Market","city":"Liberty Lake","County":"Spokane","State":"Washington","zip":"99019","SNAP":"N","Organic":"Y"}},{"type":"Point","coordinates":[-124.01744,44.964669],"properties":{"FMID":1008397,"MarketName":"Lincoln City Farmers and Crafters Market","city":"Lincoln City","County":"Lincoln","State":"Oregon","zip":"97367","SNAP":"Y","Organic":"Y"}},{"type":"Point","coordinates":[-124.044768,44.6382],"properties":{"FMID":1008396,"MarketName":"Lincoln County Fairgrounds Farmers Market","city":"Newport","County":"Lincoln","State":"Oregon","zip":"07365","SNAP":"Y","Organic":"Y"}},{"type":"Point","coordinates":[-122.6573311,45.5296819],"properties":{"FMID":1018495,"MarketName":"Lloyd Farmers Market","city":"Portland","County":"Multnomah","State":"Oregon","zip":null,"SNAP":"Y","Organic":"Y"}},{"type":"Point","coordinates":[-123.485634,43.177386],"properties":{"FMID":1008439,"MarketName":"Lookingglass Grange Farmers Market","city":"Roseburg","County":"Douglas","State":"Oregon","zip":"97470","SNAP":"N","Organic":"Y"}},{"type":"Point","coordinates":[-117.526511,45.570444],"properties":{"FMID":1011233,"MarketName":"Lower Valley Farmers Market","city":"Wallowa","County":"Wallowa","State":"Oregon","zip":"97885","SNAP":"Y","Organic":"N"}},{"type":"Point","coordinates":[-120.0129422,46.3238009],"properties":{"FMID":1010625,"MarketName":"Lower Yakima Valley Sunnyside Farmers Market","city":"Sunnyside","County":"Yakima","State":"Washington","zip":"98944","SNAP":"Y","Organic":"Y"}},{"type":"Point","coordinates":[-122.451717,48.943331],"properties":{"FMID":1001141,"MarketName":"Lynden Farmers Market","city":"Lynden","County":"Whatcom","State":"Washington","zip":"98264","SNAP":"N","Organic":"-"}},{"type":"Point","coordinates":[-114.282,44.2412],"properties":{"FMID":1003349,"MarketName":"Mackay Community Farmers Market","city":"Mackay","County":"Custer","State":"Idaho","zip":"83251","SNAP":"N","Organic":"N"}},{"type":"Point","coordinates":[-122.306,47.6101],"properties":{"FMID":1007656,"MarketName":"Mad Cap Hill Farmers Market","city":"Seattle","County":"King","State":"Washington","zip":"98127","SNAP":"N","Organic":"-"}},{"type":"Point","coordinates":[-121.1385911,44.6178903],"properties":{"FMID":1012046,"MarketName":"Madras Saturday Market Holiday Market","city":"Madras","County":"Jefferson","State":"Oregon","zip":"97741","SNAP":"Y","Organic":"-"}},{"type":"Point","coordinates":[-122.295403,47.612666],"properties":{"FMID":1011334,"MarketName":"Madrona Farmers Market","city":"Seattle","County":"King","State":"Washington","zip":"98122","SNAP":"Y","Organic":"Y"}},{"type":"Point","coordinates":[-122.3996304,47.639549],"properties":{"FMID":1004168,"MarketName":"Magnolia Farmers Market","city":"Seattle","County":"King","State":"Washington","zip":"98199","SNAP":"Y","Organic":"Y"}},{"type":"Point","coordinates":[-120.155979,47.884784],"properties":{"FMID":1010286,"MarketName":"Manson Farmers Market","city":"Manson","County":"Chelan","State":"Washington","zip":"98831","SNAP":"N","Organic":"-"}},{"type":"Point","coordinates":[-123.933613,45.71896],"properties":{"FMID":1005218,"MarketName":"Manzanita Farmers Market","city":"Manzanita","County":"Tillamook","State":"Oregon","zip":"97130","SNAP":"Y","Organic":"Y"}},{"type":"Point","coordinates":[-122.0214758,47.3715214],"properties":{"FMID":1016799,"MarketName":"Maple Valley Farmers' Market","city":"Maple Valley","County":"King","State":"Washington","zip":"98038","SNAP":"Y","Organic":"Y"}},{"type":"Point","coordinates":[-119.274231,46.27525],"properties":{"FMID":1005816,"MarketName":"Market at the Parkway, Richland, WA","city":"Richland","County":"Benton","State":"Washington","zip":"99352","SNAP":"N","Organic":"Y"}},{"type":"Point","coordinates":[-123.0207983,44.0470594],"properties":{"FMID":1008339,"MarketName":"Marketplace@Sprout!","city":"Springfield","County":"Lane","State":"Oregon","zip":"97477","SNAP":"Y","Organic":"Y"}},{"type":"Point","coordinates":[-116.801,43.5473],"properties":{"FMID":1001898,"MarketName":"Marsing Farmers Market","city":"Marsing","County":"Owyhee","State":"Idaho","zip":"83639","SNAP":"N","Organic":"Y"}},{"type":"Point","coordinates":[-122.177576,48.058879],"properties":{"FMID":1018591,"MarketName":"Marysville Farmers Market","city":"Marysville","County":"Snohomish","State":"Washington","zip":"98270","SNAP":"Y","Organic":"Y"}},{"type":"Point","coordinates":[-121.082,45.175],"properties":{"FMID":1002433,"MarketName":"Maupin Farmers Market","city":"Maupin","County":"Wasco","State":"Oregon","zip":"97037","SNAP":"N","Organic":"Y"}},{"type":"Point","coordinates":[-116.095,44.9121],"properties":{"FMID":1005494,"MarketName":"McCall Farmers Market","city":"McCall","County":"Valley","State":"Idaho","zip":"83638","SNAP":"N","Organic":"Y"}},{"type":"Point","coordinates":[-123.197,45.2136],"properties":{"FMID":1004014,"MarketName":"McMinnville Farmers Market","city":"McMinnville","County":"Yamhill","State":"Oregon","zip":"97128","SNAP":"Y","Organic":"Y"}},{"type":"Point","coordinates":[-123.19,45.2119],"properties":{"FMID":1007753,"MarketName":"McMinnville Public Market","city":"McMinnville","County":"Yamhill","State":"Oregon","zip":"97129","SNAP":"N","Organic":"-"}},{"type":"Point","coordinates":[-122.837,42.3171],"properties":{"FMID":1007788,"MarketName":"Medford Saturday Market","city":"Medford","County":"Jackson","State":"Oregon","zip":"97520","SNAP":"N","Organic":"-"}},{"type":"Point","coordinates":[-121.541646,45.625517],"properties":{"FMID":1011470,"MarketName":"Mercado del Valle","city":"Hood River","County":"Hood River","State":"Oregon","zip":"97031","SNAP":"Y","Organic":"-"}},{"type":"Point","coordinates":[-122.235042,47.581953],"properties":{"FMID":1004018,"MarketName":"Mercer Island Farmers Market","city":"Mercer Island","County":"King","State":"Washington","zip":"98040","SNAP":"N","Organic":"Y"}},{"type":"Point","coordinates":[-116.299,43.5517],"properties":{"FMID":1000484,"MarketName":"Meridian Farmers' Market - Thursday's \"Arrive After Five\"","city":"Boise","County":"Boise","State":"Idaho","zip":"83709","SNAP":"N","Organic":"-"}},{"type":"Point","coordinates":[-116.354,43.6158],"properties":{"FMID":1001767,"MarketName":"Meridian Farmers' Market and Bazaar","city":"Meridian","County":"Ada","State":"Idaho","zip":"83642","SNAP":"N","Organic":"Y"}},{"type":"Point","coordinates":[-120.276,48.3627],"properties":{"FMID":1009480,"MarketName":"Methow Valley Farmers Market","city":"Twisp","County":null,"State":"Washington","zip":"98856","SNAP":"N","Organic":"-"}},{"type":"Point","coordinates":[-116.618,43.7057],"properties":{"FMID":1002136,"MarketName":"Middleton Farmers Market","city":"Middleton Idaho","County":"Canyon","State":"Idaho","zip":"83644","SNAP":"N","Organic":"-"}},{"type":"Point","coordinates":[-117.285403,47.686888],"properties":{"FMID":1018575,"MarketName":"Millwood Farmers' Market","city":"Spokane","County":"Spokane","State":"Washington","zip":"99212","SNAP":"Y","Organic":"-"}},{"type":"Point","coordinates":[-118.382,45.9244],"properties":{"FMID":1006113,"MarketName":"Milton-Freewater Farmers Market","city":"Milton-Freewater","County":"Umatilla","State":"Oregon","zip":"97862","SNAP":"N","Organic":"-"}},{"type":"Point","coordinates":[-122.642,45.4451],"properties":{"FMID":1001158,"MarketName":"Milwaukie Sunday Farmers Market","city":"Milwaukie","County":"Clackamas","State":"Oregon","zip":"97222","SNAP":"N","Organic":"-"}},{"type":"Point","coordinates":[-113.761,42.5476],"properties":{"FMID":1000800,"MarketName":"Mini-Cassia Farmers' Market","city":"Burley","County":"Minidoka","State":"Idaho","zip":"83318","SNAP":"N","Organic":"-"}},{"type":"Point","coordinates":[-122.58435,45.518932],"properties":{"FMID":1018209,"MarketName":"Montavilla Farmers Market","city":"Portland","County":"Multnomah","State":"Oregon","zip":"97215","SNAP":"Y","Organic":"Y"}},{"type":"Point","coordinates":[-122.6517266,45.4736782],"properties":{"FMID":1012482,"MarketName":"Moreland Farmers Market","city":"Portland","County":"Multnomah","State":"Oregon","zip":"97282","SNAP":"Y","Organic":"Y"}},{"type":"Point","coordinates":[-117.0014061,46.7317086],"properties":{"FMID":1018926,"MarketName":"Moscow Farmers Market","city":"Moscow","County":"Latah","State":"Idaho","zip":"83843","SNAP":"Y","Organic":"Y"}},{"type":"Point","coordinates":[-117.0005,46.73074],"properties":{"FMID":1001206,"MarketName":"Moscow Food Co-op Tuesday Growers Market","city":"Moscow","County":"Latah","State":"Idaho","zip":"83843","SNAP":"Y","Organic":"-"}},{"type":"Point","coordinates":[-121.399692,45.6832769],"properties":{"FMID":1012078,"MarketName":"Mosier Farmers Market","city":"Mosier","County":"Wasco","State":"Oregon","zip":"97040","SNAP":"Y","Organic":"Y"}},{"type":"Point","coordinates":[-122.311832,48.417071],"properties":{"FMID":1012161,"MarketName":"Mount Vernon Farmers Market","city":"Mount Vernon","County":"Skagit","State":"Washington","zip":"98273","SNAP":"Y","Organic":"Y"}},{"type":"Point","coordinates":[-115.696,43.1316],"properties":{"FMID":1001736,"MarketName":"Mountain Home Farmers Market","city":"Mountain Home","County":"Elmore","State":"Idaho","zip":null,"SNAP":"N","Organic":"-"}},{"type":"Point","coordinates":[-122.3049,47.94861],"properties":{"FMID":1002533,"MarketName":"Mukilteo Farmers Market","city":"Mukilteo","County":"Snohomish","State":"Washington","zip":"98275","SNAP":"N","Organic":"Y"}},{"type":"Point","coordinates":[-116.5578006,43.578784],"properties":{"FMID":1005540,"MarketName":"Nampa Farmers' Market","city":"Nampa","County":"Canyon","State":"Idaho","zip":"83687","SNAP":"Y","Organic":"-"}},{"type":"Point","coordinates":[-123.982222,45.103228],"properties":{"FMID":1012148,"MarketName":"Neskowin Farmers Market","city":"Neskowin","County":"Tillamook","State":"Oregon","zip":"97149","SNAP":"Y","Organic":"N"}},{"type":"Point","coordinates":[-122.715627,45.588575],"properties":{"FMID":1018460,"MarketName":"New Columbia Farmers Market","city":"Portland","County":"Multnomah","State":"Oregon","zip":"97203","SNAP":"Y","Organic":"Y"}},{"type":"Point","coordinates":[-122.975,45.3003],"properties":{"FMID":1009540,"MarketName":"Newberg Farmers' Market","city":"Newberg","County":null,"State":"Oregon","zip":"97132","SNAP":"N","Organic":"-"}},{"type":"Point","coordinates":[-124.0543361,44.6344577],"properties":{"FMID":1009914,"MarketName":"Newport Farmer's Market","city":"Newport","County":"Lincoln","State":"Oregon","zip":"97365","SNAP":"Y","Organic":"Y"}},{"type":"Point","coordinates":[-122.402709,47.300824],"properties":{"FMID":1010140,"MarketName":"Norpoint Farmers Market","city":"Tacoma","County":"Pierce","State":"Washington","zip":"98422","SNAP":"Y","Organic":"-"}},{"type":"Point","coordinates":[-121.7843,47.49016],"properties":{"FMID":1006138,"MarketName":"North Bend Farmers Market","city":"North Bend","County":"King","State":"Washington","zip":"98045","SNAP":"N","Organic":"Y"}},{"type":"Point","coordinates":[-123.001725,45.59787],"properties":{"FMID":1005629,"MarketName":"North Plains Farmers' Market","city":"North Plains","County":"Washington","State":"Oregon","zip":"97133","SNAP":"Y","Organic":"Y"}},{"type":"Point","coordinates":[-123.313,43.6627],"properties":{"FMID":1007054,"MarketName":"North Umpqua Farmers and Artisans Regional Marketplace (NUFARM)","city":"Drain","County":"Douglas County","State":"Oregon","zip":null,"SNAP":"N","Organic":"-"}},{"type":"Point","coordinates":[-117.9057644,48.5432752],"properties":{"FMID":1010755,"MarketName":"Northeast Washington (NEW) Farmers Market","city":"Colville","County":"Stevens","State":"Washington","zip":"99114","SNAP":"Y","Organic":"Y"}},{"type":"Point","coordinates":[-122.647637,48.302612],"properties":{"FMID":1018560,"MarketName":"Oak Harbor Farmers Market","city":"Oak Harbor","County":"Island","State":"Washington","zip":"98277","SNAP":"Y","Organic":"Y"}},{"type":"Point","coordinates":[-122.465,43.7476],"properties":{"FMID":1009360,"MarketName":"Oakridge Oregon Farmers Market","city":"Oakridge","County":null,"State":"Oregon","zip":"97463","SNAP":"N","Organic":"-"}},{"type":"Point","coordinates":[-124.1562852,46.9736986],"properties":{"FMID":1008193,"MarketName":"Ocean Shores Farmers Market","city":"Ocean Shores","County":"Grays Harbor","State":"Washington","zip":"98569","SNAP":"Y","Organic":"N"}},{"type":"Point","coordinates":[-122.687867,45.499429],"properties":{"FMID":1001271,"MarketName":"OHSU Farmers Market","city":"Portland","County":"Multnomah","State":"Oregon","zip":"97239","SNAP":"Y","Organic":"-"}},{"type":"Point","coordinates":[-119.571296,48.371866],"properties":{"FMID":1018582,"MarketName":"Okanogan Valley Farmers Market - Okanogan","city":"Okanogan","County":"Okanogan","State":"Washington","zip":"98840","SNAP":"Y","Organic":"Y"}},{"type":"Point","coordinates":[-119.530408,48.410616],"properties":{"FMID":1018581,"MarketName":"Okanogan Valley Farmers Market - Omak","city":"Omak","County":"Okanogan","State":"Washington","zip":"98841","SNAP":"Y","Organic":"Y"}},{"type":"Point","coordinates":[-122.558708,47.43027],"properties":{"FMID":1002170,"MarketName":"Olalla Valley Farmers Market","city":"Olalla","County":"Kitsap","State":"Washington","zip":"98359","SNAP":"N","Organic":"-"}},{"type":"Point","coordinates":[-124.416226,43.120278],"properties":{"FMID":1005611,"MarketName":"Old Town Marketplace Bandon","city":"Bandon, Oregon","County":"Coos","State":"Oregon","zip":"97411","SNAP":"Y","Organic":"Y"}},{"type":"Point","coordinates":[-122.902499,47.050294],"properties":{"FMID":1018554,"MarketName":"Olympia Farmers' Market","city":"Olympia","County":"Thurston","State":"Washington","zip":"98501","SNAP":"Y","Organic":"Y"}},{"type":"Point","coordinates":[-122.9069009,48.6962347],"properties":{"FMID":1003310,"MarketName":"Orcas Island Farmers Market","city":"Eastsound","County":"San Juan","State":"Washington","zip":"98245","SNAP":"Y","Organic":"N"}},{"type":"Point","coordinates":[-122.597947,45.333141],"properties":{"FMID":1009688,"MarketName":"Oregon City Winter Farmers Market","city":"Oregon City","County":"Clackamas","State":"Oregon","zip":"97045","SNAP":"Y","Organic":"N"}},{"type":"Point","coordinates":[-122.597822,45.333082],"properties":{"FMID":1008468,"MarketName":"Oregon City Year-Round Farmers Market","city":"Oregon City","County":"Clackamas","State":"Oregon","zip":"97045","SNAP":"Y","Organic":"N"}},{"type":"Point","coordinates":[-116.256659,46.478448],"properties":{"FMID":1001429,"MarketName":"Orofino Farmers Market","city":"Orofino","County":"Clearwater","State":"Idaho","zip":"83544","SNAP":"N","Organic":"-"}},{"type":"Point","coordinates":[-122.205464,47.097924],"properties":{"FMID":1018574,"MarketName":"Orting Valley Farmers Market","city":"Orting","County":"Pierce","State":"Washington","zip":"98360","SNAP":"Y","Organic":"Y"}},{"type":"Point","coordinates":[-119.189,46.8245],"properties":{"FMID":1000245,"MarketName":"Othello Farmers Market","city":"Othello","County":"Adams","State":"Washington","zip":"99344","SNAP":"N","Organic":"-"}},{"type":"Point","coordinates":[-123.960749,45.205076],"properties":{"FMID":1008946,"MarketName":"Pacific City Farmers Market","city":"Pacific City","County":"Tillamook","State":"Oregon","zip":"97135","SNAP":"Y","Organic":"Y"}},{"type":"Point","coordinates":[-122.5347,45.534003],"properties":{"FMID":1005400,"MarketName":"Parkrose Farmers Market - Saturday","city":"Portland","County":"Multnomah","State":"Oregon","zip":"97230","SNAP":"Y","Organic":"Y"}},{"type":"Point","coordinates":[-122.534755,45.533755],"properties":{"FMID":1009634,"MarketName":"Parkrose Farmers Market - Wednesday","city":"Portland","County":"Multnomah","State":"Oregon","zip":"97230","SNAP":"Y","Organic":"Y"}},{"type":"Point","coordinates":[-119.092,46.2295],"properties":{"FMID":1006124,"MarketName":"Pasco Farmers Market","city":"Pasco","County":"Franklin","State":"Washington","zip":"99301","SNAP":"N","Organic":"-"}},{"type":"Point","coordinates":[-116.935907,44.069117],"properties":{"FMID":1019068,"MarketName":"Payette Farmers Market","city":"Payette","County":"Payette","State":"Idaho","zip":"83661","SNAP":"Y","Organic":"-"}},{"type":"Point","coordinates":[-117.163,48.1626],"properties":{"FMID":1001978,"MarketName":"Pend Oreille Valley Farmers Market","city":"Newport","County":"Pend Oreille","State":"Washington","zip":"99156","SNAP":"N","Organic":"-"}},{"type":"Point","coordinates":[-118.781,45.6686],"properties":{"FMID":1004914,"MarketName":"Pendleton Farmers Market","city":"Pendleton","County":"Umatilla","State":"Oregon","zip":"97801","SNAP":"N","Organic":"-"}},{"type":"Point","coordinates":[-122.644825,45.500722],"properties":{"FMID":1010176,"MarketName":"People's Farmers Market","city":"Portland","County":"Multnomah","State":"Oregon","zip":"97202","SNAP":"Y","Organic":"Y"}},{"type":"Point","coordinates":[-120.501403,46.602569],"properties":{"FMID":1008250,"MarketName":"Pete's Evening Market","city":"Yakima","County":"Yakima","State":"Washington","zip":"98901","SNAP":"N","Organic":"Y"}},{"type":"Point","coordinates":[-122.353297,47.677741],"properties":{"FMID":1004169,"MarketName":"Phinney Farmers Market","city":"Seattle","County":"King","State":"Washington","zip":"98103","SNAP":"Y","Organic":"Y"}},{"type":"Point","coordinates":[-122.328889,47.610091],"properties":{"FMID":1012153,"MarketName":"Pike Place Market - 1st Hill Farmers Market","city":"Seattle","County":"King","State":"Washington","zip":"98101","SNAP":"Y","Organic":"Y"}},{"type":"Point","coordinates":[-122.341986,47.609566],"properties":{"FMID":1012151,"MarketName":"Pike Place Market - Evening Farmers Market","city":"Seattle","County":"King","State":"Washington","zip":"98101","SNAP":"Y","Organic":"Y"}},{"type":"Point","coordinates":[-122.13733,47.644322],"properties":{"FMID":1012150,"MarketName":"Pike Place Market - Microsoft Commons Farmers Market","city":"Redmond","County":"King","State":"Washington","zip":"98052","SNAP":"Y","Organic":"Y"}},{"type":"Point","coordinates":[-122.33688,47.622595],"properties":{"FMID":1012152,"MarketName":"Pike Place Market - South Lake Union Farmers Market","city":"Seattle","County":"King","State":"Washington","zip":"98109","SNAP":"Y","Organic":"Y"}},{"type":"Point","coordinates":[-118.834,45.4828],"properties":{"FMID":1007056,"MarketName":"Pilot Rock Farmers Market","city":"Pilot Rock","County":"Umatilla County","State":"Oregon","zip":null,"SNAP":"N","Organic":"-"}},{"type":"Point","coordinates":[-122.332888,47.600048],"properties":{"FMID":1008101,"MarketName":"Pioneer Square Farmers' Market featuring Pike Place Market Express","city":"Seattle","County":"King","State":"Washington","zip":"98104","SNAP":"Y","Organic":"Y"}},{"type":"Point","coordinates":[-123.316846,44.924361],"properties":{"FMID":1009712,"MarketName":"Polk County Bounty Market - Dallas","city":"Dallas","County":"Polk","State":"Oregon","zip":"97338","SNAP":"Y","Organic":"-"}},{"type":"Point","coordinates":[-123.430944,48.11932],"properties":{"FMID":1018578,"MarketName":"Port Angeles Farmers Market","city":"Port Angeles","County":"Clallam","State":"Washington","zip":"98362","SNAP":"Y","Organic":"Y"}},{"type":"Point","coordinates":[-122.634025,47.542163],"properties":{"FMID":1012404,"MarketName":"Port Orchard Farmers Market","city":"Port Orchard","County":"Kitsap","State":"Washington","zip":"98366","SNAP":"Y","Organic":"N"}},{"type":"Point","coordinates":[-124.493,42.7433],"properties":{"FMID":1007780,"MarketName":"Port Orford Farmers Market","city":"Port Orford","County":"Curry","State":"Oregon","zip":"97465","SNAP":"N","Organic":"-"}},{"type":"Point","coordinates":[-122.35207,48.241074],"properties":{"FMID":1004349,"MarketName":"Port Susan Farmers Market","city":"Stanwood","County":"Snohomish","State":"Washington","zip":"98292","SNAP":"Y","Organic":"Y"}},{"type":"Point","coordinates":[-122.76039,48.117073],"properties":{"FMID":1018584,"MarketName":"Port Townsend Farmers Market","city":"Port Townsend","County":"Jefferson","State":"Washington","zip":"98368","SNAP":"Y","Organic":"Y"}},{"type":"Point","coordinates":[-122.686888,45.583106],"properties":{"FMID":1018474,"MarketName":"Portland Farmers Market - Kenton","city":"Portland","County":"Multnomah","State":"Oregon","zip":"97217","SNAP":"Y","Organic":"Y"}},{"type":"Point","coordinates":[-122.6585746,45.5573069],"properties":{"FMID":1018477,"MarketName":"Portland Farmers Market - King","city":"Portland","County":"Multnomah","State":"Oregon","zip":"97211","SNAP":"Y","Organic":"Y"}},{"type":"Point","coordinates":[-122.5685894,45.4813183],"properties":{"FMID":1018478,"MarketName":"Portland Farmers Market - Lents International","city":"Portland","County":"Multnomah","State":"Oregon","zip":"97266","SNAP":"Y","Organic":"N"}},{"type":"Point","coordinates":[-122.6903025,45.5249448],"properties":{"FMID":1018479,"MarketName":"Portland Farmers Market - Northwest","city":"Portland","County":"Multnomah","State":"Oregon","zip":"97209","SNAP":"Y","Organic":"Y"}},{"type":"Point","coordinates":[-122.678622,45.5191021],"properties":{"FMID":1018480,"MarketName":"Portland Farmers Market - Pioneer Courthouse Square","city":"Portland","County":"Multnomah","State":"Oregon","zip":"97205","SNAP":"Y","Organic":"Y"}},{"type":"Point","coordinates":[-122.6850889,45.5124099],"properties":{"FMID":1018482,"MarketName":"Portland Farmers Market - Portland State University","city":"Portland","County":"Multnomah","State":"Oregon","zip":"97201","SNAP":"Y","Organic":"Y"}},{"type":"Point","coordinates":[-122.6825474,45.5170877],"properties":{"FMID":1018483,"MarketName":"Portland Farmers Market - Shemanski Park","city":"Portland","County":"Multnomah","State":"Oregon","zip":"97205","SNAP":"Y","Organic":"Y"}},{"type":"Point","coordinates":[-122.685802,45.512988],"properties":{"FMID":1004097,"MarketName":"Portland Farmers Market Saturdays at PSU","city":"Portland","County":"Multnomah","State":"Oregon","zip":"97227","SNAP":"N","Organic":"Y"}},{"type":"Point","coordinates":[-112.453,42.8647],"properties":{"FMID":1009301,"MarketName":"Portneuf Valley Farmers Market","city":"Pocatello","County":null,"State":"Idaho","zip":"83204","SNAP":"N","Organic":"-"}},{"type":"Point","coordinates":[-122.649224,47.740461],"properties":{"FMID":1012490,"MarketName":"Poulsbo Farmers Market","city":"Poulsbo","County":"Kitsap","State":"Washington","zip":"98370","SNAP":"Y","Organic":"Y"}},{"type":"Point","coordinates":[-116.908,48.1844],"properties":{"FMID":1003228,"MarketName":"Priest River Farmer's and Flea Market","city":"Priest River","County":"Bonner","State":"Idaho","zip":"83856","SNAP":"N","Organic":"-"}},{"type":"Point","coordinates":[-120.8422335,44.3029189],"properties":{"FMID":1003342,"MarketName":"Prineville Farmers' Market","city":"Prineville","County":"Crook","State":"Oregon","zip":"97754","SNAP":"Y","Organic":"-"}},{"type":"Point","coordinates":[-122.489555,47.27195],"properties":{"FMID":1002923,"MarketName":"Proctor Farmers' Market","city":"Tacoma","County":"Pierce","State":"Washington","zip":"98417","SNAP":"Y","Organic":"Y"}},{"type":"Point","coordinates":[-119.7653,46.20446],"properties":{"FMID":1004395,"MarketName":"PROSSER FARMERS MARKET","city":"PROSSER","County":"Benton","State":"Washington","zip":"99350","SNAP":"Y","Organic":"N"}},{"type":"Point","coordinates":[-116.353092,43.622299],"properties":{"FMID":1008141,"MarketName":"Public Market at The Village at Meridian","city":"Meridian","County":"Ada","State":"Idaho","zip":"83646","SNAP":"N","Organic":"Y"}},{"type":"Point","coordinates":[-123.718,46.6749],"properties":{"FMID":1000749,"MarketName":"Public Market On The Willapa","city":"Raymond","County":"Pacific","State":"Washington","zip":"98053","SNAP":"N","Organic":"-"}},{"type":"Point","coordinates":[-123.383954,46.181145],"properties":{"FMID":1005073,"MarketName":"Puget Island Farmers Market","city":"Cathlamet","County":"Wahkiakum","State":"Washington","zip":"98612","SNAP":"N","Organic":"-"}},{"type":"Point","coordinates":[-117.179,46.7307],"properties":{"FMID":1009554,"MarketName":"Pullman Farmers Market","city":"Pullman","County":null,"State":"Washington","zip":"99163","SNAP":"N","Organic":"-"}},{"type":"Point","coordinates":[-122.2939,47.19058],"properties":{"FMID":1003402,"MarketName":"Puyallup Farmers' Market","city":"Puyallup","County":"Pierce","State":"Washington","zip":"98371","SNAP":"N","Organic":"Y"}},{"type":"Point","coordinates":[-122.357601,47.637172],"properties":{"FMID":1010145,"MarketName":"Queen Anne Farmers Market","city":"Seattle","County":"King","State":"Washington","zip":"98109","SNAP":"Y","Organic":"Y"}},{"type":"Point","coordinates":[-122.416013,45.546734],"properties":{"FMID":1009815,"MarketName":"Rainier Marina Market","city":"rainer","County":"Multnomah","State":"Oregon","zip":null,"SNAP":"N","Organic":"-"}},{"type":"Point","coordinates":[-116.889,47.8159],"properties":{"FMID":1004009,"MarketName":"Rathdrum Farmers Market","city":"Rathdrum","County":"Kootenai","State":"Idaho","zip":"83858","SNAP":"N","Organic":"-"}},{"type":"Point","coordinates":[-121.182,44.3526],"properties":{"FMID":1006815,"MarketName":"Redmond Farmers Market","city":"Redmond","County":"Deschutes","State":"Oregon","zip":"97756","SNAP":"N","Organic":"-"}},{"type":"Point","coordinates":[-122.208506,47.480041],"properties":{"FMID":1018352,"MarketName":"Renton Farmers Market","city":"Renton","County":"King","State":"Washington","zip":"98057","SNAP":"Y","Organic":"Y"}},{"type":"Point","coordinates":[-111.780689,43.826583],"properties":{"FMID":1002843,"MarketName":"Rexburg Farmers Market","city":"Rexburg","County":"Madison","State":"Idaho","zip":"83440","SNAP":"Y","Organic":"N"}},{"type":"Point","coordinates":[-123.8302194,46.187642],"properties":{"FMID":1008340,"MarketName":"River People Farmers Market","city":"Astoria","County":"Clatsop","State":"Oregon","zip":"97103","SNAP":"Y","Organic":"Y"}},{"type":"Point","coordinates":[-123.051,46.8072],"properties":{"FMID":1009569,"MarketName":"Rochester/Grand Mound Farmers' Market","city":"Rochester","County":null,"State":"Washington","zip":"98579","SNAP":"N","Organic":"-"}},{"type":"Point","coordinates":[-123.169731,42.434789],"properties":{"FMID":1003285,"MarketName":"Rogue River SUnday Market","city":"Rogue RIver","County":"Jackson","State":"Oregon","zip":"97537","SNAP":"Y","Organic":"Y"}},{"type":"Point","coordinates":[-122.6905,42.1949],"properties":{"FMID":1003969,"MarketName":"Rogue Valley Growers & Crafters Market","city":"Ashland","County":"Jackson","State":"Oregon","zip":"97520","SNAP":"Y","Organic":"Y"}},{"type":"Point","coordinates":[-122.857935,42.311383],"properties":{"FMID":1003970,"MarketName":"Rogue Valley Growers & Crafters Market","city":"Medford","County":"Jackson","State":"Oregon","zip":"97501","SNAP":"Y","Organic":"Y"}},{"type":"Point","coordinates":[-122.714324,42.19732],"properties":{"FMID":1003971,"MarketName":"Rogue Valley Growers & Crafters Market","city":"Ashland","County":"Jackson","State":"Oregon","zip":"97520","SNAP":"Y","Organic":"Y"}},{"type":"Point","coordinates":[-120.993868,47.222756],"properties":{"FMID":1012671,"MarketName":"Roslyn Farmers Market","city":"Roslyn","County":"Kittitas","State":"Washington","zip":"98941","SNAP":"N","Organic":"Y"}},{"type":"Point","coordinates":[-123.029999,44.920896],"properties":{"FMID":1004183,"MarketName":"Salem Public Market","city":"Salem","County":"Marion","State":"Oregon","zip":"97302","SNAP":"Y","Organic":"Y"}},{"type":"Point","coordinates":[-123.028992,44.943064],"properties":{"FMID":1009795,"MarketName":"Salem Saturday Market","city":"Salem","County":"Marion","State":"Oregon","zip":"97309","SNAP":"Y","Organic":"Y"}},{"type":"Point","coordinates":[-123.010552,44.959011],"properties":{"FMID":1011316,"MarketName":"Salem Saturday Market - Holiday Market","city":"Salem","County":"Marion","State":"Oregon","zip":"97309","SNAP":"Y","Organic":"Y"}},{"type":"Point","coordinates":[-123.033914,44.933153],"properties":{"FMID":1009796,"MarketName":"Salem Saturday Market - Monday Hospital Market","city":"Salem","County":"Marion","State":"Oregon","zip":"97309","SNAP":"Y","Organic":"Y"}},{"type":"Point","coordinates":[-123.036886,44.942],"properties":{"FMID":1009794,"MarketName":"Salem Saturday Market - Wednesday Farmers Market","city":"Salem","County":"Marion","State":"Oregon","zip":"97309","SNAP":"Y","Organic":"Y"}},{"type":"Point","coordinates":[-122.383594,47.809985],"properties":{"FMID":1008197,"MarketName":"Salish Crossing Farmer's Market","city":"Edmonds","County":"Snohomish","State":"Washington","zip":"98020","SNAP":"N","Organic":"Y"}},{"type":"Point","coordinates":[-122.657332,45.716862],"properties":{"FMID":1002486,"MarketName":"Salmon Creek Farmers' Market","city":"Vancouver","County":"Clark","State":"Washington","zip":"98685","SNAP":"Y","Organic":"Y"}},{"type":"Point","coordinates":[-122.648554,45.720387],"properties":{"FMID":1002485,"MarketName":"Salmon Creek Farmers' Market at Legacy Hospital","city":"Vancouver","County":"Clark","State":"Washington","zip":"98686","SNAP":"Y","Organic":"Y"}},{"type":"Point","coordinates":[-114.575,42.3532],"properties":{"FMID":1001724,"MarketName":"Salmon Tract Farmers Market","city":"Hollister","County":null,"State":"Idaho","zip":"83301","SNAP":"N","Organic":"-"}},{"type":"Point","coordinates":[-124.101,43.9746],"properties":{"FMID":1004113,"MarketName":"Salmonberry Naturals Organic Farmers Market","city":"Florence","County":"Lane","State":"Oregon","zip":"97439","SNAP":"N","Organic":"-"}},{"type":"Point","coordinates":[-122.0355952,47.601774],"properties":{"FMID":1003295,"MarketName":"Sammamish Farmers Market","city":"Sammamish","County":"King","State":"Washington","zip":"98075","SNAP":"N","Organic":"Y"}},{"type":"Point","coordinates":[-123.067,48.5394],"properties":{"FMID":1004141,"MarketName":"San Juan Farmers Market","city":"Friday Harbor","County":"San Juan","State":"Washington","zip":"98250","SNAP":"N","Organic":"-"}},{"type":"Point","coordinates":[-123.016215,48.533741],"properties":{"FMID":1008601,"MarketName":"San Juan Island Farmers Market","city":"Friday Harbor","County":"San Juan","State":"Washington","zip":"98250","SNAP":"Y","Organic":"Y"}},{"type":"Point","coordinates":[-116.963516,44.025666],"properties":{"FMID":1018435,"MarketName":"Saturday Market","city":"Ontario","County":"Malheur","State":"Oregon","zip":"97914","SNAP":"N","Organic":"N"}},{"type":"Point","coordinates":[-123.999,46.3167],"properties":{"FMID":1006242,"MarketName":"Saturday Market At The Port Of Ilwaco","city":"Ilwaco","County":"Pacific","State":"Washington","zip":"98624","SNAP":"N","Organic":"-"}},{"type":"Point","coordinates":[-120.345,42.1911],"properties":{"FMID":1007065,"MarketName":"Saturday Market of Lake County","city":"Lakeview","County":"Lake","State":"Oregon","zip":null,"SNAP":"N","Organic":"-"}},{"type":"Point","coordinates":[-122.8768,45.75723],"properties":{"FMID":1001762,"MarketName":"Scappoose Community Cub Farmers Market","city":"Scappoose","County":"Columbia","State":"Oregon","zip":"97056","SNAP":"N","Organic":"Y"}},{"type":"Point","coordinates":[-123.920084,45.993302],"properties":{"FMID":1018269,"MarketName":"Seaside Farmer's Marekt","city":"Seaside","County":"Clatsop","State":"Oregon","zip":"97138","SNAP":"Y","Organic":"Y"}},{"type":"Point","coordinates":[-122.330361,47.603679],"properties":{"FMID":1012149,"MarketName":"Seattle City Hall Farmers Market featuring Pike Place Market Express","city":"Seattle","County":"King","State":"Washington","zip":"98104","SNAP":"Y","Organic":"Y"}},{"type":"Point","coordinates":[-122.2389,48.50555],"properties":{"FMID":1003489,"MarketName":"Sedro-Woolley Farmers Market","city":"Sedro-Woolley","County":"Skagit","State":"Washington","zip":"98284","SNAP":"Y","Organic":"Y"}},{"type":"Point","coordinates":[-123.1023323,48.0796314],"properties":{"FMID":1004465,"MarketName":"Sequim Farmers Market","city":"Sequim","County":"Clallam","State":"Washington","zip":"98382","SNAP":"N","Organic":"Y"}},{"type":"Point","coordinates":[-123.102214,47.2143],"properties":{"FMID":1001161,"MarketName":"Shelton Farmers Market","city":"Shelton","County":"Mason","State":"Washington","zip":"98584","SNAP":"Y","Organic":"Y"}},{"type":"Point","coordinates":[-120.731598,45.483229],"properties":{"FMID":1009896,"MarketName":"Sherman County Farmers Market","city":"Moro","County":"Sherman","State":"Oregon","zip":"97039","SNAP":"N","Organic":"-"}},{"type":"Point","coordinates":[-120.731671,45.482524],"properties":{"FMID":1009039,"MarketName":"Sherman County Farmers Market (Indoor)","city":"Moro","County":"Wasco","State":"Oregon","zip":null,"SNAP":"N","Organic":"-"}},{"type":"Point","coordinates":[-122.839625,45.356332],"properties":{"FMID":1012436,"MarketName":"Sherwood Saturday Market","city":"Sherwood","County":"Washington","State":"Oregon","zip":"97140","SNAP":"N","Organic":"-"}},{"type":"Point","coordinates":[-123.917872,44.72248],"properties":{"FMID":1008456,"MarketName":"Siletz Valley Farmers Market","city":"Siletz","County":"Lincoln","State":"Oregon","zip":"97380","SNAP":"N","Organic":"-"}},{"type":"Point","coordinates":[-116.120504,47.536412],"properties":{"FMID":1016822,"MarketName":"Silver Valley Farmers Market","city":"Kellogg","County":"Shoshone","State":"Idaho","zip":"83837","SNAP":"N","Organic":"-"}},{"type":"Point","coordinates":[-122.687544,47.660191],"properties":{"FMID":1018601,"MarketName":"Silverdale Farmers Market","city":"Silverdale","County":"Kitsap","State":"Washington","zip":"98383","SNAP":"Y","Organic":"Y"}},{"type":"Point","coordinates":[-122.784,45.0046],"properties":{"FMID":1005772,"MarketName":"Silverton Farmers Market","city":"Silverton","County":"Marion","State":"Oregon","zip":"97381","SNAP":"N","Organic":"N"}},{"type":"Point","coordinates":[-122.762,44.9858],"properties":{"FMID":1002367,"MarketName":"Silverton Market","city":"Silverton","County":"Marion","State":"Oregon","zip":"97381","SNAP":"N","Organic":"Y"}},{"type":"Point","coordinates":[-116.555,48.274],"properties":{"FMID":1006614,"MarketName":"Six Rivers Market","city":"Sandpoint","County":"Bonner","State":"Idaho","zip":"83864","SNAP":"N","Organic":"Y"}},{"type":"Point","coordinates":[-122.244,47.4973],"properties":{"FMID":1004866,"MarketName":"Skyway Farmers Market","city":"Seattle","County":"King","State":"Washington","zip":"98178","SNAP":"N","Organic":"-"}},{"type":"Point","coordinates":[-122.0917196,47.9116429],"properties":{"FMID":1018557,"MarketName":"Snohomish Farmers Market","city":"Snohomish","County":"Snohomish","State":"Washington","zip":"98290","SNAP":"Y","Organic":"Y"}},{"type":"Point","coordinates":[-111.605,42.6546],"properties":{"FMID":1004111,"MarketName":"Soda Springs Farmers Market","city":"Soda Springs","County":"Caribou","State":"Idaho","zip":"83276","SNAP":"N","Organic":"-"}},{"type":"Point","coordinates":[-117.39,47.6466],"properties":{"FMID":1001174,"MarketName":"South Perry Farmers' Market","city":"Spokane","County":"Spokane","State":"Washington","zip":"99202","SNAP":"Y","Organic":"N"}},{"type":"Point","coordinates":[-117.389817,47.646395],"properties":{"FMID":1001173,"MarketName":"South Perry Farmers' Market - Indoor","city":"Spokane","County":"Spokane","State":"Washington","zip":"99202","SNAP":"Y","Organic":"N"}},{"type":"Point","coordinates":[-122.4887657,47.1985559],"properties":{"FMID":1010387,"MarketName":"South Tacoma Farmers Market","city":"Tacoma","County":"Pierce","State":"Washington","zip":"98409","SNAP":"Y","Organic":"Y"}},{"type":"Point","coordinates":[-123.0609659,43.7972757],"properties":{"FMID":1016804,"MarketName":"South Valley Farmers Market","city":"Cottage Grove","County":"Lane","State":"Oregon","zip":"97434","SNAP":"Y","Organic":"Y"}},{"type":"Point","coordinates":[-122.474481,48.009171],"properties":{"FMID":1012144,"MarketName":"SOUTH WHIDBEY TILTH FARMERS' MARKET","city":"Langley","County":"Island","State":"Washington","zip":"98260","SNAP":"Y","Organic":"Y"}},{"type":"Point","coordinates":[-112.453,42.8648],"properties":{"FMID":1006125,"MarketName":"Southeast Idaho Farmers Market","city":"Pocatello","County":"Bannock","State":"Idaho","zip":"83205","SNAP":"N","Organic":"-"}},{"type":"Point","coordinates":[-123.153402,43.99567],"properties":{"FMID":1001355,"MarketName":"Spencer Creek Community Growers' Market","city":"Eugene","County":"Lane","State":"Oregon","zip":"97405","SNAP":"Y","Organic":"Y"}},{"type":"Point","coordinates":[-117.412703,47.651776],"properties":{"FMID":1018612,"MarketName":"Spokane Farmers' Market","city":"Spokane","County":"Spokane","State":"Washington","zip":null,"SNAP":"Y","Organic":"Y"}},{"type":"Point","coordinates":[-121.516,42.4814],"properties":{"FMID":1007066,"MarketName":"Sprague River Farmers Market","city":"Chiloquin","County":"Klamath","State":"Oregon","zip":null,"SNAP":"N","Organic":"-"}},{"type":"Point","coordinates":[-116.895,47.809],"properties":{"FMID":1000875,"MarketName":"St. Anthony Farmers Market","city":"St. Anthony","County":"Fremont","State":"Idaho","zip":null,"SNAP":"N","Organic":"-"}},{"type":"Point","coordinates":[-122.7544853,45.5901096],"properties":{"FMID":1018312,"MarketName":"St. Johns Farmers Market","city":"Portland","County":"Multnomah","State":"Oregon","zip":"97203","SNAP":"Y","Organic":"Y"}},{"type":"Point","coordinates":[-116.567,47.3152],"properties":{"FMID":1003311,"MarketName":"St. Maries Farmers Market","city":"St. Maries","County":"Benewah","State":"Idaho","zip":"83861","SNAP":"N","Organic":"-"}},{"type":"Point","coordinates":[-122.798,44.8],"properties":{"FMID":1002368,"MarketName":"Stayton Market","city":"Stayton","County":"Marion","State":"Oregon","zip":"97383","SNAP":"N","Organic":"Y"}},{"type":"Point","coordinates":[-122.5984882,47.1727753],"properties":{"FMID":1012145,"MarketName":"Steilacoom Farmers' Market","city":"Steilacoom","County":"Pierce","State":"Washington","zip":"98388","SNAP":"Y","Organic":"Y"}},{"type":"Point","coordinates":[-121.883208,45.693968],"properties":{"FMID":1011975,"MarketName":"Stevenson Farmers' Market","city":"stevenson","County":"Skamania","State":"Washington","zip":"98648","SNAP":"Y","Organic":"Y"}},{"type":"Point","coordinates":[-116.778,47.6735],"properties":{"FMID":1001343,"MarketName":"Sunday Market","city":"Couer d'Alene","County":"Kootenai","State":"Idaho","zip":"83814","SNAP":"N","Organic":"-"}},{"type":"Point","coordinates":[-122.584276,47.708097],"properties":{"FMID":1012487,"MarketName":"Suquamish Farmers Market","city":"Poulsbo","County":"Kitsap","State":"Washington","zip":"98370","SNAP":"Y","Organic":"N"}},{"type":"Point","coordinates":[-123.315289,43.389888],"properties":{"FMID":1008445,"MarketName":"Sutherlin Farmers Market","city":"Sutherlin","County":"Douglas","State":"Oregon","zip":"97479","SNAP":"N","Organic":"-"}},{"type":"Point","coordinates":[-122.7296064,44.396092],"properties":{"FMID":1010943,"MarketName":"Sweet Home Farmers Market","city":"Sweet Home","County":"Linn","State":"Oregon","zip":"97386","SNAP":"Y","Organic":"Y"}},{"type":"Point","coordinates":[-122.488751,47.198639],"properties":{"FMID":1008133,"MarketName":"Tacoma Farmers Markets","city":"Tacoma","County":"Pierce","State":"Washington","zip":null,"SNAP":"Y","Organic":"Y"}},{"type":"Point","coordinates":[-122.485,47.2061],"properties":{"FMID":1000373,"MarketName":"Tacoma Farmers Markets -  Broadway","city":"Tacoma","County":"Pierce","State":"Washington","zip":"98409","SNAP":"N","Organic":"-"}},{"type":"Point","coordinates":[-122.103,47.0233],"properties":{"FMID":1000372,"MarketName":"Tacoma Farmers Markets - 6th Avenue","city":"Tacoma","County":"Pierce","State":"Washington","zip":"98406","SNAP":"N","Organic":"Y"}},{"type":"Point","coordinates":[-122.441,47.2547],"properties":{"FMID":1000374,"MarketName":"Tacoma Farmers Markets - South Tacoma","city":"Tacoma","County":"Pierce","State":"Washington","zip":"98402","SNAP":"N","Organic":"Y"}},{"type":"Point","coordinates":[-122.78934,42.243928],"properties":{"FMID":1006864,"MarketName":"Talent Evening Market","city":"Talent","County":"Jackson","State":"Oregon","zip":"97540","SNAP":"N","Organic":"Y"}},{"type":"Point","coordinates":[-122.8527098,46.8572231],"properties":{"FMID":1018960,"MarketName":"TENINO FARMERS MARKET","city":"Tenino","County":"Thurston","State":"Washington","zip":"98589","SNAP":"Y","Organic":"-"}},{"type":"Point","coordinates":[-111.1110771,43.7232239],"properties":{"FMID":1001625,"MarketName":"Teton Valley Farmers Market","city":"Driggs","County":"Teton","State":"Idaho","zip":"83422","SNAP":"N","Organic":"Y"}},{"type":"Point","coordinates":[-121.187071,45.599781],"properties":{"FMID":1003818,"MarketName":"The Dalles Farmers' Market","city":"The Dalles","County":"Wasco","State":"Oregon","zip":"97058","SNAP":"Y","Organic":"Y"}},{"type":"Point","coordinates":[-119.280701,46.274121],"properties":{"FMID":1002645,"MarketName":"The NW Regional Food Hub / ShopTheNorthwest.com","city":"Richland","County":"Benton","State":"Washington","zip":"99352","SNAP":"Y","Organic":"Y"}},{"type":"Point","coordinates":[-122.795,45.3124],"properties":{"FMID":1007713,"MarketName":"Thursday Market at the Ville","city":"Wilsonville","County":"Clackamas","State":"Oregon","zip":"97070","SNAP":"N","Organic":"-"}},{"type":"Point","coordinates":[-122.792539,45.41488],"properties":{"FMID":1009814,"MarketName":"Tigard Bull Mountain Farmers Market","city":"Tigard","County":"Multnomah","State":"Oregon","zip":null,"SNAP":"N","Organic":"-"}},{"type":"Point","coordinates":[-122.76759,45.426889],"properties":{"FMID":1009802,"MarketName":"Tigard Farmers Market","city":"Tigard","County":"Washington","State":"Oregon","zip":null,"SNAP":"Y","Organic":"N"}},{"type":"Point","coordinates":[-123.8420719,45.4570544],"properties":{"FMID":1002259,"MarketName":"Tillamook Farmers' Market","city":"Tillamook","County":"Tillamook","State":"Oregon","zip":"97141","SNAP":"Y","Organic":"-"}},{"type":"Point","coordinates":[-123.93731,44.621813],"properties":{"FMID":1008388,"MarketName":"Toledo Street Market","city":"Toledo","County":"Lincoln","State":"Oregon","zip":"97391","SNAP":"Y","Organic":"N"}},{"type":"Point","coordinates":[-119.436,48.7106],"properties":{"FMID":1009385,"MarketName":"Tonasket Farmers Market","city":"Tonasket","County":null,"State":"Washington","zip":"98855","SNAP":"N","Organic":"-"}},{"type":"Point","coordinates":[-122.385279,45.540557],"properties":{"FMID":1002041,"MarketName":"Troutdale Farmers and Artists Market","city":"Troutdale","County":"Multnomah","State":"Oregon","zip":"97060","SNAP":"N","Organic":"Y"}},{"type":"Point","coordinates":[-116.769,46.7357],"properties":{"FMID":1002997,"MarketName":"Troy Community Market","city":"Troy","County":"Latah","State":"Idaho","zip":"83871","SNAP":"N","Organic":"-"}},{"type":"Point","coordinates":[-122.760415,45.382168],"properties":{"FMID":1006642,"MarketName":"Tualatin Farmers Market","city":"Tualatin","County":"Washington","State":"Oregon","zip":"97062","SNAP":"Y","Organic":"-"}},{"type":"Point","coordinates":[-120.688492,43.238036],"properties":{"FMID":1001509,"MarketName":"Tumbleweed Farmers' & Crafters' Market","city":"Christmas Valley","County":"Lake","State":"Oregon","zip":"97641","SNAP":"Y","Organic":"N"}},{"type":"Point","coordinates":[-122.907776,46.985164],"properties":{"FMID":1003600,"MarketName":"Tumwater Town Center Farmers Market","city":"Tumwater","County":"Thurston","State":"Washington","zip":"98512","SNAP":"Y","Organic":"Y"}},{"type":"Point","coordinates":[-114.467,42.5849],"properties":{"FMID":1009568,"MarketName":"Twin Falls Farmers Market","city":"Twin Falls","County":null,"State":"Idaho","zip":"83303","SNAP":"N","Organic":"-"}},{"type":"Point","coordinates":[-119.348,45.9165],"properties":{"FMID":1006114,"MarketName":"Umatilla Farmers Market","city":"Umatilla","County":"Umatilla","State":"Oregon","zip":"97882","SNAP":"N","Organic":"-"}},{"type":"Point","coordinates":[-123.33255,43.213697],"properties":{"FMID":1004732,"MarketName":"Umpqua Valley Farmers Market","city":"Roseburg","County":"Douglas","State":"Oregon","zip":"97470","SNAP":"Y","Organic":"Y"}},{"type":"Point","coordinates":[-122.313033,47.665626],"properties":{"FMID":1004170,"MarketName":"University District Farmers Market","city":"Seattle","County":"King","State":"Washington","zip":"98105","SNAP":"Y","Organic":"Y"}},{"type":"Point","coordinates":[-122.6714,45.6385],"properties":{"FMID":1001274,"MarketName":"Urban Growers Market","city":"Vancouver","County":"Clark","State":"Washington","zip":"98660","SNAP":"N","Organic":"-"}},{"type":"Point","coordinates":[-117.24,43.9819],"properties":{"FMID":1007055,"MarketName":"Vale Farmers Market","city":"Vale","County":"Malheur County","State":"Oregon","zip":null,"SNAP":"N","Organic":"-"}},{"type":"Point","coordinates":[-122.67605,45.62608],"properties":{"FMID":1003260,"MarketName":"Vancouver Farmers Market","city":"Vancouver","County":"Clark","State":"Washington","zip":"98660","SNAP":"Y","Organic":"Y"}},{"type":"Point","coordinates":[-122.460747,47.447834],"properties":{"FMID":1012325,"MarketName":"Vashon Farmers Market - Saturday","city":"Vashon","County":"King","State":"Washington","zip":"98070","SNAP":"Y","Organic":"Y"}},{"type":"Point","coordinates":[-122.460661,47.447823],"properties":{"FMID":1012329,"MarketName":"Vashon Farmers Market - Wednesday","city":"Vashon","County":"King","State":"Washington","zip":"98070","SNAP":"Y","Organic":"N"}},{"type":"Point","coordinates":[-123.35,44.0529],"properties":{"FMID":1007677,"MarketName":"Veneta's Downtown Farmers Market","city":"Veneta","County":"Lane","State":"Oregon","zip":"97487","SNAP":"N","Organic":"-"}},{"type":"Point","coordinates":[-123.192809,45.858472],"properties":{"FMID":1011207,"MarketName":"Vernonia Open Air Market","city":"Vernonia","County":"Columbia","State":"Oregon","zip":"97064","SNAP":"N","Organic":"N"}},{"type":"Point","coordinates":[-111.111,43.6039],"properties":{"FMID":1009197,"MarketName":"Victor Idaho Farmers Market","city":"Victor","County":null,"State":"Idaho","zip":"83455","SNAP":"N","Organic":"-"}},{"type":"Point","coordinates":[-122.795,45.311],"properties":{"FMID":1002556,"MarketName":"Villebois Sunday Market","city":"Wilsonville","County":"Clackamas","State":"Oregon","zip":"97070","SNAP":"N","Organic":"-"}},{"type":"Point","coordinates":[-122.333175,47.663876],"properties":{"FMID":1011335,"MarketName":"Wallingford Farmers Market","city":"Seattle","County":"King","State":"Washington","zip":"98103","SNAP":"Y","Organic":"Y"}},{"type":"Point","coordinates":[-117.230226,45.353398],"properties":{"FMID":1002850,"MarketName":"Wallowa County Farmers Market","city":"Joseph","County":"Wallowa","State":"Oregon","zip":"97846","SNAP":"Y","Organic":"-"}},{"type":"Point","coordinates":[-117.230191,45.354478],"properties":{"FMID":1002851,"MarketName":"Wallowa County Farmers Market","city":"Enterprise","County":"Wallowa","State":"Oregon","zip":"97828","SNAP":"Y","Organic":"-"}},{"type":"Point","coordinates":[-122.581787,47.330624],"properties":{"FMID":1018552,"MarketName":"Waterfront Farmers Market of Gig Harbor","city":"Gig Harbor","County":"Pierce","State":"Washington","zip":"98335","SNAP":"Y","Organic":"Y"}},{"type":"Point","coordinates":[-122.569,45.4336],"properties":{"FMID":1002044,"MarketName":"Wednesday Market Place at the Clackamas Town Center","city":"Happy Valley","County":"Clackamas","State":"Oregon","zip":"97086","SNAP":"N","Organic":"-"}},{"type":"Point","coordinates":[-116.97113,44.244083],"properties":{"FMID":1012212,"MarketName":"Weiser Farmer's Market","city":"Weiser","County":"Washington","State":"Idaho","zip":"83672","SNAP":"Y","Organic":"-"}},{"type":"Point","coordinates":[-122.836,45.1523],"properties":{"FMID":1006298,"MarketName":"Wellspring Saturday Marketplace","city":"Woodburn","County":"Marion","State":"Oregon","zip":"97071","SNAP":"N","Organic":"-"}},{"type":"Point","coordinates":[-120.3078625,47.4249633],"properties":{"FMID":1003474,"MarketName":"Wenatchee Valley Farmers Market","city":"Wenatchee","County":"Chelan","State":"Washington","zip":"98801","SNAP":"Y","Organic":"Y"}},{"type":"Point","coordinates":[-114.760161,42.598752],"properties":{"FMID":1003855,"MarketName":"West End Senior Center Wednesday Farmer's Market","city":"Buhl","County":"Twin Falls","State":"Idaho","zip":"83316","SNAP":"N","Organic":"Y"}},{"type":"Point","coordinates":[-122.655707,45.343988],"properties":{"FMID":1001160,"MarketName":"West Linn Farmers Market","city":"West Linn","County":"Clackamas","State":"Oregon","zip":"97068","SNAP":"N","Organic":"-"}},{"type":"Point","coordinates":[-122.9254883,47.0458884],"properties":{"FMID":1005875,"MarketName":"West Olympia Farmers' Market","city":"Olympia","County":"Thurston","State":"Washington","zip":"98502","SNAP":"Y","Organic":"Y"}},{"type":"Point","coordinates":[-122.386783,47.561366],"properties":{"FMID":1004171,"MarketName":"West Seattle Farmers Market","city":"Seattle","County":"King","State":"Washington","zip":"98116","SNAP":"Y","Organic":"Y"}},{"type":"Point","coordinates":[-121.4840161,45.7271523],"properties":{"FMID":1010135,"MarketName":"White Salmon Farmers' Market","city":"White Salmon","County":"Klickitat","State":"Washington","zip":"98672","SNAP":"Y","Organic":"Y"}},{"type":"Point","coordinates":[-121.607954,48.254526],"properties":{"FMID":1010884,"MarketName":"Whitehorse Farmers Market","city":"Darrington","County":"Snohomish","State":"Washington","zip":"98241","SNAP":"Y","Organic":"Y"}},{"type":"Point","coordinates":[-122.657047,45.344391],"properties":{"FMID":1009801,"MarketName":"Willamette Saturday Farmers Market","city":"West Linn","County":"Multnomah","State":"Oregon","zip":null,"SNAP":"N","Organic":"-"}},{"type":"Point","coordinates":[-122.528,45.4262],"properties":{"FMID":1002045,"MarketName":"Windance Farms Open-Air Market","city":"Clackamas","County":"Clackamas","State":"Oregon","zip":"97086","SNAP":"N","Organic":"-"}},{"type":"Point","coordinates":[-122.937907,46.492282],"properties":{"FMID":1012014,"MarketName":"Winlock Saturday Market - Featuring Local Farmers & Artisans from our community.","city":"Winlock","County":"Lewis","State":"Washington","zip":"98596","SNAP":"N","Organic":"-"}},{"type":"Point","coordinates":[-122.859,45.1374],"properties":{"FMID":1003264,"MarketName":"Woodburn Farmers Market","city":"Woodburn","County":"Marion","State":"Oregon","zip":"97071","SNAP":"N","Organic":"-"}},{"type":"Point","coordinates":[-122.161499,47.75298],"properties":{"FMID":1002872,"MarketName":"Woodinville Farmers Market","city":"Woodinville","County":"King","State":"Washington","zip":"98072","SNAP":"N","Organic":"Y"}},{"type":"Point","coordinates":[-122.656968,45.571925],"properties":{"FMID":1018463,"MarketName":"Woodlawn Farmers Market","city":"Portland","County":"Multnomah","State":"Oregon","zip":"97211","SNAP":"Y","Organic":"Y"}},{"type":"Point","coordinates":[-122.6149508,45.4789791],"properties":{"FMID":1012324,"MarketName":"Woodstock Farmers Market","city":"Portland","County":"Multnomah","State":"Oregon","zip":"97206","SNAP":"Y","Organic":"Y"}},{"type":"Point","coordinates":[-124.1044104,44.3123618],"properties":{"FMID":1003525,"MarketName":"Yachats Farmers Market","city":"Yachats","County":"Lincoln","State":"Oregon","zip":"97498","SNAP":"Y","Organic":"Y"}},{"type":"Point","coordinates":[-120.502725,46.602339],"properties":{"FMID":1000442,"MarketName":"Yakima Farmers' Market","city":"Yakima","County":"Yakima","State":"Washington","zip":"98901","SNAP":"N","Organic":"Y"}},{"type":"Point","coordinates":[-122.55989,46.932039],"properties":{"FMID":1018555,"MarketName":"Yelm farmers market","city":"Yelm","County":"Thurston","State":"Washington","zip":"98597","SNAP":"Y","Organic":"Y"}}]}},"crs":{"type":"name","properties":{"name":"urn:ogc:def:crs:OGC:1.3:CRS84"}}}